file	sample	sample_name	condition	replicate
C:\Protoplast_Reanalysis\nanoPOTs_Library_Ctrl_Day0_B4.raw	Lib_10	Lib_10	Lib	10
C:\Protoplast_Reanalysis\nanoPOTs_Library_Ctrl_Day0_B5.raw	Lib_11	Lib_11	Lib	11
C:\Protoplast_Reanalysis\nanoPOTs_Library_Ctrl_Day0_B6.raw	Lib_12	Lib_12	Lib	12
C:\Protoplast_Reanalysis\nanoPOTs_Library_Ctrl_Day0_C4.raw	Lib_13	Lib_13	Lib	13
C:\Protoplast_Reanalysis\nanoPOTs_Library_Ctrl_Day0_C6.raw	Lib_14	Lib_14	Lib	14
C:\Protoplast_Reanalysis\nanoPOTs_Library_Ctrl_Day0_C9.raw	Lib_15	Lib_15	Lib	15
C:\Protoplast_Reanalysis\nanoPOTs_Library_Ctrl_Day7_B4.raw	Lib_16	Lib_16	Lib	16
C:\Protoplast_Reanalysis\nanoPOTs_Library_Ctrl_Day7_C8.raw	Lib_17	Lib_17	Lib	17
C:\Protoplast_Reanalysis\nanoPOTs_Library_Ctrl_Day7_C9.raw	Lib_18	Lib_18	Lib	18
C:\Protoplast_Reanalysis\nanoPOTs_Library_Ctrl_Day7_D4.raw	Lib_19	Lib_19	Lib	19
C:\Protoplast_Reanalysis\nanoPOTs_Library_Ctrl_Day7_D8.raw	Lib_20	Lib_20	Lib	20
C:\Protoplast_Reanalysis\nanoPOTs_Library_Ctrl_Day7_D9.raw	Lib_21	Lib_21	Lib	21
C:\Protoplast_Reanalysis\nanoPOTs_Library_Drgt_Day0_D4.raw	Lib_22	Lib_22	Lib	22
C:\Protoplast_Reanalysis\nanoPOTs_Library_Drgt_Day0_D5.raw	Lib_23	Lib_23	Lib	23
C:\Protoplast_Reanalysis\nanoPOTs_Library_Drgt_Day0_D6.raw	Lib_24	Lib_24	Lib	24
C:\Protoplast_Reanalysis\nanoPOTs_Library_Drgt_Day0_D7.raw	Lib_25	Lib_25	Lib	25
C:\Protoplast_Reanalysis\nanoPOTs_Library_Drgt_Day0_D8.raw	Lib_26	Lib_26	Lib	26
C:\Protoplast_Reanalysis\nanoPOTs_Library_Drgt_Day0_D9.raw	Lib_27	Lib_27	Lib	27
C:\Protoplast_Reanalysis\nanoPOTs_Protoplasts_Library_CV1_R1_C2.raw	Lib_4	Lib_4	Lib	4
C:\Protoplast_Reanalysis\nanoPOTs_Protoplasts_Library_CV1_R2_C3.raw	Lib_5	Lib_5	Lib	5
C:\Protoplast_Reanalysis\nanoPOTs_Protoplasts_Library_CV2_R1_C4.raw	Lib_6	Lib_6	Lib	6
C:\Protoplast_Reanalysis\nanoPOTs_Protoplasts_Library_CV2_R2_C5.raw	Lib_7	Lib_7	Lib	7
C:\Protoplast_Reanalysis\nanoPOTs_Protoplasts_Library_CV3_R1_C6.raw	Lib_8	Lib_8	Lib	8
C:\Protoplast_Reanalysis\nanoPOTs_Protoplasts_Library_CV3_R2_C7.raw	Lib_9	Lib_9	Lib	9
C:\Protoplast_Reanalysis\nanoPOTs_210902J_Ctrl_Day7_A4.raw	nanoPOTs_210902J_Ctrl_Day7_A4	nanoPOTs_210902J_Ctrl_Day7_A4	nanoPOTs	1
C:\Protoplast_Reanalysis\nanoPOTs_210902J_Ctrl_Day7_A5.raw	nanoPOTs_210902J_Ctrl_Day7_A5	nanoPOTs_210902J_Ctrl_Day7_A5	nanoPOTs	1
C:\Protoplast_Reanalysis\nanoPOTs_210902J_Ctrl_Day7_B1.raw	nanoPOTs_210902J_Ctrl_Day7_B1	nanoPOTs_210902J_Ctrl_Day7_B1	nanoPOTs	1
C:\Protoplast_Reanalysis\nanoPOTs_210902J_Ctrl_Day7_B12.raw	nanoPOTs_210902J_Ctrl_Day7_B12	nanoPOTs_210902J_Ctrl_Day7_B12	nanoPOTs	1
C:\Protoplast_Reanalysis\nanoPOTs_210902J_Ctrl_Day7_B2.raw	nanoPOTs_210902J_Ctrl_Day7_B2	nanoPOTs_210902J_Ctrl_Day7_B2	nanoPOTs	1
C:\Protoplast_Reanalysis\nanoPOTs_210902J_Ctrl_Day7_B3.raw	nanoPOTs_210902J_Ctrl_Day7_B3	nanoPOTs_210902J_Ctrl_Day7_B3	nanoPOTs	1
C:\Protoplast_Reanalysis\nanoPOTs_210902J_Ctrl_Day7_B5.raw	nanoPOTs_210902J_Ctrl_Day7_B5	nanoPOTs_210902J_Ctrl_Day7_B5	nanoPOTs	1
C:\Protoplast_Reanalysis\nanoPOTs_210902J_Ctrl_Day7_B6.raw	nanoPOTs_210902J_Ctrl_Day7_B6	nanoPOTs_210902J_Ctrl_Day7_B6	nanoPOTs	1
C:\Protoplast_Reanalysis\nanoPOTs_210902J_Ctrl_Day7_B7.raw	nanoPOTs_210902J_Ctrl_Day7_B7	nanoPOTs_210902J_Ctrl_Day7_B7	nanoPOTs	1
C:\Protoplast_Reanalysis\nanoPOTs_210902J_Ctrl_Day7_B8.raw	nanoPOTs_210902J_Ctrl_Day7_B8	nanoPOTs_210902J_Ctrl_Day7_B8	nanoPOTs	1
C:\Protoplast_Reanalysis\nanoPOTs_210902J_Ctrl_Day7_B9.raw	nanoPOTs_210902J_Ctrl_Day7_B9	nanoPOTs_210902J_Ctrl_Day7_B9	nanoPOTs	1
C:\Protoplast_Reanalysis\nanoPOTs_210902J_Drgt_Day7_C1.raw	nanoPOTs_210902J_Drgt_Day7_C1	nanoPOTs_210902J_Drgt_Day7_C1	nanoPOTs	1
C:\Protoplast_Reanalysis\nanoPOTs_210902J_Drgt_Day7_C11.raw	nanoPOTs_210902J_Drgt_Day7_C11	nanoPOTs_210902J_Drgt_Day7_C11	nanoPOTs	1
C:\Protoplast_Reanalysis\nanoPOTs_210902J_Drgt_Day7_C12.raw	nanoPOTs_210902J_Drgt_Day7_C12	nanoPOTs_210902J_Drgt_Day7_C12	nanoPOTs	1
C:\Protoplast_Reanalysis\nanoPOTs_210902J_Drgt_Day7_C4.raw	nanoPOTs_210902J_Drgt_Day7_C4	nanoPOTs_210902J_Drgt_Day7_C4	nanoPOTs	1
C:\Protoplast_Reanalysis\nanoPOTs_210902J_Drgt_Day7_C5.raw	nanoPOTs_210902J_Drgt_Day7_C5	nanoPOTs_210902J_Drgt_Day7_C5	nanoPOTs	1
C:\Protoplast_Reanalysis\nanoPOTs_210902J_Drgt_Day7_C8.raw	nanoPOTs_210902J_Drgt_Day7_C8	nanoPOTs_210902J_Drgt_Day7_C8	nanoPOTs	1
C:\Protoplast_Reanalysis\nanoPOTs_210902J_Drgt_Day7_C9.raw	nanoPOTs_210902J_Drgt_Day7_C9	nanoPOTs_210902J_Drgt_Day7_C9	nanoPOTs	1
C:\Protoplast_Reanalysis\nanoPOTs_210902J_Drgt_Day7_D1.raw	nanoPOTs_210902J_Drgt_Day7_D1	nanoPOTs_210902J_Drgt_Day7_D1	nanoPOTs	1
C:\Protoplast_Reanalysis\nanoPOTs_210902J_Drgt_Day7_D5.raw	nanoPOTs_210902J_Drgt_Day7_D5	nanoPOTs_210902J_Drgt_Day7_D5	nanoPOTs	1
C:\Protoplast_Reanalysis\nanoPOTs_210902J_Drgt_Day7_D6.raw	nanoPOTs_210902J_Drgt_Day7_D6	nanoPOTs_210902J_Drgt_Day7_D6	nanoPOTs	1
C:\Protoplast_Reanalysis\nanoPOTs_210902J_Drgt_Day7_D9.raw	nanoPOTs_210902J_Drgt_Day7_D9	nanoPOTs_210902J_Drgt_Day7_D9	nanoPOTs	1
C:\Protoplast_Reanalysis\nanoPOTs_210903J_Ctrl_Day7_A10.raw	nanoPOTs_210903J_Ctrl_Day7_A10	nanoPOTs_210903J_Ctrl_Day7_A10	nanoPOTs	1
C:\Protoplast_Reanalysis\nanoPOTs_210903J_Ctrl_Day7_A11.raw	nanoPOTs_210903J_Ctrl_Day7_A11	nanoPOTs_210903J_Ctrl_Day7_A11	nanoPOTs	1
C:\Protoplast_Reanalysis\nanoPOTs_210903J_Ctrl_Day7_A7.raw	nanoPOTs_210903J_Ctrl_Day7_A7	nanoPOTs_210903J_Ctrl_Day7_A7	nanoPOTs	1
C:\Protoplast_Reanalysis\nanoPOTs_210903J_Ctrl_Day7_B10.raw	nanoPOTs_210903J_Ctrl_Day7_B10	nanoPOTs_210903J_Ctrl_Day7_B10	nanoPOTs	1
C:\Protoplast_Reanalysis\nanoPOTs_210903J_Ctrl_Day7_B3.raw	nanoPOTs_210903J_Ctrl_Day7_B3	nanoPOTs_210903J_Ctrl_Day7_B3	nanoPOTs	1
C:\Protoplast_Reanalysis\nanoPOTs_210903J_Ctrl_Day7_B4.raw	nanoPOTs_210903J_Ctrl_Day7_B4	nanoPOTs_210903J_Ctrl_Day7_B4	nanoPOTs	1
C:\Protoplast_Reanalysis\nanoPOTs_210903J_Ctrl_Day7_B6.raw	nanoPOTs_210903J_Ctrl_Day7_B6	nanoPOTs_210903J_Ctrl_Day7_B6	nanoPOTs	1
C:\Protoplast_Reanalysis\nanoPOTs_210903J_Ctrl_Day7_B8.raw	nanoPOTs_210903J_Ctrl_Day7_B8	nanoPOTs_210903J_Ctrl_Day7_B8	nanoPOTs	1
C:\Protoplast_Reanalysis\nanoPOTs_210903J_Ctrl_Day7_B9.raw	nanoPOTs_210903J_Ctrl_Day7_B9	nanoPOTs_210903J_Ctrl_Day7_B9	nanoPOTs	1
C:\Protoplast_Reanalysis\nanoPOTs_210903J_Drgt_Day7_C1.raw	nanoPOTs_210903J_Drgt_Day7_C1	nanoPOTs_210903J_Drgt_Day7_C1	nanoPOTs	1
C:\Protoplast_Reanalysis\nanoPOTs_210903J_Drgt_Day7_C11.raw	nanoPOTs_210903J_Drgt_Day7_C11	nanoPOTs_210903J_Drgt_Day7_C11	nanoPOTs	1
C:\Protoplast_Reanalysis\nanoPOTs_210903J_Drgt_Day7_C2.raw	nanoPOTs_210903J_Drgt_Day7_C2	nanoPOTs_210903J_Drgt_Day7_C2	nanoPOTs	1
C:\Protoplast_Reanalysis\nanoPOTs_210903J_Drgt_Day7_C3.raw	nanoPOTs_210903J_Drgt_Day7_C3	nanoPOTs_210903J_Drgt_Day7_C3	nanoPOTs	1
C:\Protoplast_Reanalysis\nanoPOTs_210903J_Drgt_Day7_C4.raw	nanoPOTs_210903J_Drgt_Day7_C4	nanoPOTs_210903J_Drgt_Day7_C4	nanoPOTs	1
C:\Protoplast_Reanalysis\nanoPOTs_210903J_Drgt_Day7_C5.raw	nanoPOTs_210903J_Drgt_Day7_C5	nanoPOTs_210903J_Drgt_Day7_C5	nanoPOTs	1
C:\Protoplast_Reanalysis\nanoPOTs_210903J_Drgt_Day7_C6.raw	nanoPOTs_210903J_Drgt_Day7_C6	nanoPOTs_210903J_Drgt_Day7_C6	nanoPOTs	1
C:\Protoplast_Reanalysis\nanoPOTs_210903J_Drgt_Day7_C9.raw	nanoPOTs_210903J_Drgt_Day7_C9	nanoPOTs_210903J_Drgt_Day7_C9	nanoPOTs	1
C:\Protoplast_Reanalysis\nanoPOTs_210903J_Drgt_Day7_D1.raw	nanoPOTs_210903J_Drgt_Day7_D1	nanoPOTs_210903J_Drgt_Day7_D1	nanoPOTs	1
C:\Protoplast_Reanalysis\nanoPOTs_210903J_Drgt_Day7_D10.raw	nanoPOTs_210903J_Drgt_Day7_D10	nanoPOTs_210903J_Drgt_Day7_D10	nanoPOTs	1
C:\Protoplast_Reanalysis\nanoPOTs_210903J_Drgt_Day7_D11.raw	nanoPOTs_210903J_Drgt_Day7_D11	nanoPOTs_210903J_Drgt_Day7_D11	nanoPOTs	1
C:\Protoplast_Reanalysis\nanoPOTs_210903J_Drgt_Day7_D4.raw	nanoPOTs_210903J_Drgt_Day7_D4	nanoPOTs_210903J_Drgt_Day7_D4	nanoPOTs	1
C:\Protoplast_Reanalysis\nanoPOTs_210903J_Drgt_Day7_D5.raw	nanoPOTs_210903J_Drgt_Day7_D5	nanoPOTs_210903J_Drgt_Day7_D5	nanoPOTs	1
C:\Protoplast_Reanalysis\nanoPOTs_210903J_Drgt_Day7_D6.raw	nanoPOTs_210903J_Drgt_Day7_D6	nanoPOTs_210903J_Drgt_Day7_D6	nanoPOTs	1
C:\Protoplast_Reanalysis\nanoPOTs_210903J_Drgt_Day7_D8.raw	nanoPOTs_210903J_Drgt_Day7_D8	nanoPOTs_210903J_Drgt_Day7_D8	nanoPOTs	1
C:\Protoplast_Reanalysis\nanoPOTs_210904J_Ctrl_Day7_A10.raw	nanoPOTs_210904J_Ctrl_Day7_A10	nanoPOTs_210904J_Ctrl_Day7_A10	nanoPOTs	1
C:\Protoplast_Reanalysis\nanoPOTs_210904J_Ctrl_Day7_A11.raw	nanoPOTs_210904J_Ctrl_Day7_A11	nanoPOTs_210904J_Ctrl_Day7_A11	nanoPOTs	1
C:\Protoplast_Reanalysis\nanoPOTs_210904J_Ctrl_Day7_A12.raw	nanoPOTs_210904J_Ctrl_Day7_A12	nanoPOTs_210904J_Ctrl_Day7_A12	nanoPOTs	1
C:\Protoplast_Reanalysis\nanoPOTs_210904J_Ctrl_Day7_B1.raw	nanoPOTs_210904J_Ctrl_Day7_B1	nanoPOTs_210904J_Ctrl_Day7_B1	nanoPOTs	1
C:\Protoplast_Reanalysis\nanoPOTs_210904J_Ctrl_Day7_B12.raw	nanoPOTs_210904J_Ctrl_Day7_B12	nanoPOTs_210904J_Ctrl_Day7_B12	nanoPOTs	1
C:\Protoplast_Reanalysis\nanoPOTs_210904J_Ctrl_Day7_B3.raw	nanoPOTs_210904J_Ctrl_Day7_B3	nanoPOTs_210904J_Ctrl_Day7_B3	nanoPOTs	1
C:\Protoplast_Reanalysis\nanoPOTs_210904J_Ctrl_Day7_B4.raw	nanoPOTs_210904J_Ctrl_Day7_B4	nanoPOTs_210904J_Ctrl_Day7_B4	nanoPOTs	1
C:\Protoplast_Reanalysis\nanoPOTs_210904J_Ctrl_Day7_B5.raw	nanoPOTs_210904J_Ctrl_Day7_B5	nanoPOTs_210904J_Ctrl_Day7_B5	nanoPOTs	1
C:\Protoplast_Reanalysis\nanoPOTs_210904J_Ctrl_Day7_B6.raw	nanoPOTs_210904J_Ctrl_Day7_B6	nanoPOTs_210904J_Ctrl_Day7_B6	nanoPOTs	1
C:\Protoplast_Reanalysis\nanoPOTs_210904J_Ctrl_Day7_B7.raw	nanoPOTs_210904J_Ctrl_Day7_B7	nanoPOTs_210904J_Ctrl_Day7_B7	nanoPOTs	1
C:\Protoplast_Reanalysis\nanoPOTs_210904J_Drgt_Day7_D1.raw	nanoPOTs_210904J_Drgt_Day7_D1	nanoPOTs_210904J_Drgt_Day7_D1	nanoPOTs	1
C:\Protoplast_Reanalysis\nanoPOTs_210904J_Drgt_Day7_D12.raw	nanoPOTs_210904J_Drgt_Day7_D12	nanoPOTs_210904J_Drgt_Day7_D12	nanoPOTs	1
C:\Protoplast_Reanalysis\nanoPOTs_210904J_Drgt_Day7_D2.raw	nanoPOTs_210904J_Drgt_Day7_D2	nanoPOTs_210904J_Drgt_Day7_D2	nanoPOTs	1
C:\Protoplast_Reanalysis\nanoPOTs_210904J_Drgt_Day7_D8.raw	nanoPOTs_210904J_Drgt_Day7_D8	nanoPOTs_210904J_Drgt_Day7_D8	nanoPOTs	1
C:\Protoplast_Reanalysis\nanoPOTs_210905J_Ctrl_Day0_A1.raw	nanoPOTs_210905J_Ctrl_Day0_A1	nanoPOTs_210905J_Ctrl_Day0_A1	nanoPOTs	1
C:\Protoplast_Reanalysis\nanoPOTs_210905J_Ctrl_Day0_A10.raw	nanoPOTs_210905J_Ctrl_Day0_A10	nanoPOTs_210905J_Ctrl_Day0_A10	nanoPOTs	1
C:\Protoplast_Reanalysis\nanoPOTs_210905J_Ctrl_Day0_A12.raw	nanoPOTs_210905J_Ctrl_Day0_A12	nanoPOTs_210905J_Ctrl_Day0_A12	nanoPOTs	1
C:\Protoplast_Reanalysis\nanoPOTs_210905J_Ctrl_Day0_A3.raw	nanoPOTs_210905J_Ctrl_Day0_A3	nanoPOTs_210905J_Ctrl_Day0_A3	nanoPOTs	1
C:\Protoplast_Reanalysis\nanoPOTs_210905J_Ctrl_Day0_A4.raw	nanoPOTs_210905J_Ctrl_Day0_A4	nanoPOTs_210905J_Ctrl_Day0_A4	nanoPOTs	1
C:\Protoplast_Reanalysis\nanoPOTs_210905J_Ctrl_Day0_A5.raw	nanoPOTs_210905J_Ctrl_Day0_A5	nanoPOTs_210905J_Ctrl_Day0_A5	nanoPOTs	1
C:\Protoplast_Reanalysis\nanoPOTs_210905J_Ctrl_Day0_A9.raw	nanoPOTs_210905J_Ctrl_Day0_A9	nanoPOTs_210905J_Ctrl_Day0_A9	nanoPOTs	1
C:\Protoplast_Reanalysis\nanoPOTs_210905J_Ctrl_Day0_B1.raw	nanoPOTs_210905J_Ctrl_Day0_B1	nanoPOTs_210905J_Ctrl_Day0_B1	nanoPOTs	1
C:\Protoplast_Reanalysis\nanoPOTs_210905J_Ctrl_Day0_B10.raw	nanoPOTs_210905J_Ctrl_Day0_B10	nanoPOTs_210905J_Ctrl_Day0_B10	nanoPOTs	1
C:\Protoplast_Reanalysis\nanoPOTs_210905J_Ctrl_Day0_B11.raw	nanoPOTs_210905J_Ctrl_Day0_B11	nanoPOTs_210905J_Ctrl_Day0_B11	nanoPOTs	1
C:\Protoplast_Reanalysis\nanoPOTs_210905J_Ctrl_Day0_B2.raw	nanoPOTs_210905J_Ctrl_Day0_B2	nanoPOTs_210905J_Ctrl_Day0_B2	nanoPOTs	1
C:\Protoplast_Reanalysis\nanoPOTs_210905J_Ctrl_Day0_B3.raw	nanoPOTs_210905J_Ctrl_Day0_B3	nanoPOTs_210905J_Ctrl_Day0_B3	nanoPOTs	1
C:\Protoplast_Reanalysis\nanoPOTs_210905J_Ctrl_Day0_B8.raw	nanoPOTs_210905J_Ctrl_Day0_B8	nanoPOTs_210905J_Ctrl_Day0_B8	nanoPOTs	1
C:\Protoplast_Reanalysis\nanoPOTs_210905J_Ctrl_Day0_B9.raw	nanoPOTs_210905J_Ctrl_Day0_B9	nanoPOTs_210905J_Ctrl_Day0_B9	nanoPOTs	1
C:\Protoplast_Reanalysis\nanoPOTs_210905J_Drgt_Day0_C11.raw	nanoPOTs_210905J_Drgt_Day0_C11	nanoPOTs_210905J_Drgt_Day0_C11	nanoPOTs	1
C:\Protoplast_Reanalysis\nanoPOTs_210905J_Drgt_Day0_C12.raw	nanoPOTs_210905J_Drgt_Day0_C12	nanoPOTs_210905J_Drgt_Day0_C12	nanoPOTs	1
C:\Protoplast_Reanalysis\nanoPOTs_210905J_Drgt_Day0_C2.raw	nanoPOTs_210905J_Drgt_Day0_C2	nanoPOTs_210905J_Drgt_Day0_C2	nanoPOTs	1
C:\Protoplast_Reanalysis\nanoPOTs_210905J_Drgt_Day0_C3.raw	nanoPOTs_210905J_Drgt_Day0_C3	nanoPOTs_210905J_Drgt_Day0_C3	nanoPOTs	1
C:\Protoplast_Reanalysis\nanoPOTs_210905J_Drgt_Day0_C4.raw	nanoPOTs_210905J_Drgt_Day0_C4	nanoPOTs_210905J_Drgt_Day0_C4	nanoPOTs	1
C:\Protoplast_Reanalysis\nanoPOTs_210905J_Drgt_Day0_C5.raw	nanoPOTs_210905J_Drgt_Day0_C5	nanoPOTs_210905J_Drgt_Day0_C5	nanoPOTs	1
C:\Protoplast_Reanalysis\nanoPOTs_210905J_Drgt_Day0_C6.raw	nanoPOTs_210905J_Drgt_Day0_C6	nanoPOTs_210905J_Drgt_Day0_C6	nanoPOTs	1
C:\Protoplast_Reanalysis\nanoPOTs_210905J_Drgt_Day0_C7.raw	nanoPOTs_210905J_Drgt_Day0_C7	nanoPOTs_210905J_Drgt_Day0_C7	nanoPOTs	1
C:\Protoplast_Reanalysis\nanoPOTs_210905J_Drgt_Day0_C8.raw	nanoPOTs_210905J_Drgt_Day0_C8	nanoPOTs_210905J_Drgt_Day0_C8	nanoPOTs	1
C:\Protoplast_Reanalysis\nanoPOTs_210905J_Drgt_Day0_C9.raw	nanoPOTs_210905J_Drgt_Day0_C9	nanoPOTs_210905J_Drgt_Day0_C9	nanoPOTs	1
C:\Protoplast_Reanalysis\nanoPOTs_210905J_Drgt_Day0_D10.raw	nanoPOTs_210905J_Drgt_Day0_D10	nanoPOTs_210905J_Drgt_Day0_D10	nanoPOTs	1
C:\Protoplast_Reanalysis\nanoPOTs_210905J_Drgt_Day0_D3.raw	nanoPOTs_210905J_Drgt_Day0_D3	nanoPOTs_210905J_Drgt_Day0_D3	nanoPOTs	1
C:\Protoplast_Reanalysis\nanoPOTs_210905J_Drgt_Day0_D5.raw	nanoPOTs_210905J_Drgt_Day0_D5	nanoPOTs_210905J_Drgt_Day0_D5	nanoPOTs	1
C:\Protoplast_Reanalysis\nanoPOTs_210905J_Drgt_Day0_D6.raw	nanoPOTs_210905J_Drgt_Day0_D6	nanoPOTs_210905J_Drgt_Day0_D6	nanoPOTs	1
C:\Protoplast_Reanalysis\nanoPOTs_210905J_Drgt_Day0_D8.raw	nanoPOTs_210905J_Drgt_Day0_D8	nanoPOTs_210905J_Drgt_Day0_D8	nanoPOTs	1
C:\Protoplast_Reanalysis\nanoPOTs_210905J_Drgt_Day0_D9.raw	nanoPOTs_210905J_Drgt_Day0_D9	nanoPOTs_210905J_Drgt_Day0_D9	nanoPOTs	1
C:\Protoplast_Reanalysis\nanoPOTs_210906J_Ctrl_Day0_A1.raw	nanoPOTs_210906J_Ctrl_Day0_A1	nanoPOTs_210906J_Ctrl_Day0_A1	nanoPOTs	1
C:\Protoplast_Reanalysis\nanoPOTs_210906J_Ctrl_Day0_A10.raw	nanoPOTs_210906J_Ctrl_Day0_A10	nanoPOTs_210906J_Ctrl_Day0_A10	nanoPOTs	1
C:\Protoplast_Reanalysis\nanoPOTs_210906J_Ctrl_Day0_A11.raw	nanoPOTs_210906J_Ctrl_Day0_A11	nanoPOTs_210906J_Ctrl_Day0_A11	nanoPOTs	1
C:\Protoplast_Reanalysis\nanoPOTs_210906J_Ctrl_Day0_A12.raw	nanoPOTs_210906J_Ctrl_Day0_A12	nanoPOTs_210906J_Ctrl_Day0_A12	nanoPOTs	1
C:\Protoplast_Reanalysis\nanoPOTs_210906J_Ctrl_Day0_A2.raw	nanoPOTs_210906J_Ctrl_Day0_A2	nanoPOTs_210906J_Ctrl_Day0_A2	nanoPOTs	1
C:\Protoplast_Reanalysis\nanoPOTs_210906J_Ctrl_Day0_A4.raw	nanoPOTs_210906J_Ctrl_Day0_A4	nanoPOTs_210906J_Ctrl_Day0_A4	nanoPOTs	1
C:\Protoplast_Reanalysis\nanoPOTs_210906J_Ctrl_Day0_A8.raw	nanoPOTs_210906J_Ctrl_Day0_A8	nanoPOTs_210906J_Ctrl_Day0_A8	nanoPOTs	1
C:\Protoplast_Reanalysis\nanoPOTs_210906J_Ctrl_Day0_B10.raw	nanoPOTs_210906J_Ctrl_Day0_B10	nanoPOTs_210906J_Ctrl_Day0_B10	nanoPOTs	1
C:\Protoplast_Reanalysis\nanoPOTs_210906J_Ctrl_Day0_B11.raw	nanoPOTs_210906J_Ctrl_Day0_B11	nanoPOTs_210906J_Ctrl_Day0_B11	nanoPOTs	1
C:\Protoplast_Reanalysis\nanoPOTs_210906J_Ctrl_Day0_B2.raw	nanoPOTs_210906J_Ctrl_Day0_B2	nanoPOTs_210906J_Ctrl_Day0_B2	nanoPOTs	1
C:\Protoplast_Reanalysis\nanoPOTs_210906J_Ctrl_Day0_B5.raw	nanoPOTs_210906J_Ctrl_Day0_B5	nanoPOTs_210906J_Ctrl_Day0_B5	nanoPOTs	1
C:\Protoplast_Reanalysis\nanoPOTs_210906J_Ctrl_Day0_B6.raw	nanoPOTs_210906J_Ctrl_Day0_B6	nanoPOTs_210906J_Ctrl_Day0_B6	nanoPOTs	1
C:\Protoplast_Reanalysis\nanoPOTs_210906J_Ctrl_Day0_B8.raw	nanoPOTs_210906J_Ctrl_Day0_B8	nanoPOTs_210906J_Ctrl_Day0_B8	nanoPOTs	1
C:\Protoplast_Reanalysis\nanoPOTs_210906J_Ctrl_Day0_B9.raw	nanoPOTs_210906J_Ctrl_Day0_B9	nanoPOTs_210906J_Ctrl_Day0_B9	nanoPOTs	1
C:\Protoplast_Reanalysis\nanoPOTs_210906J_Drgt_Day0_C10.raw	nanoPOTs_210906J_Drgt_Day0_C10	nanoPOTs_210906J_Drgt_Day0_C10	nanoPOTs	1
C:\Protoplast_Reanalysis\nanoPOTs_210906J_Drgt_Day0_C11.raw	nanoPOTs_210906J_Drgt_Day0_C11	nanoPOTs_210906J_Drgt_Day0_C11	nanoPOTs	1
C:\Protoplast_Reanalysis\nanoPOTs_210906J_Drgt_Day0_C12.raw	nanoPOTs_210906J_Drgt_Day0_C12	nanoPOTs_210906J_Drgt_Day0_C12	nanoPOTs	1
C:\Protoplast_Reanalysis\nanoPOTs_210906J_Drgt_Day0_C2.raw	nanoPOTs_210906J_Drgt_Day0_C2	nanoPOTs_210906J_Drgt_Day0_C2	nanoPOTs	1
C:\Protoplast_Reanalysis\nanoPOTs_210906J_Drgt_Day0_C3.raw	nanoPOTs_210906J_Drgt_Day0_C3	nanoPOTs_210906J_Drgt_Day0_C3	nanoPOTs	1
C:\Protoplast_Reanalysis\nanoPOTs_210906J_Drgt_Day0_C4.raw	nanoPOTs_210906J_Drgt_Day0_C4	nanoPOTs_210906J_Drgt_Day0_C4	nanoPOTs	1
C:\Protoplast_Reanalysis\nanoPOTs_210906J_Drgt_Day0_C5.raw	nanoPOTs_210906J_Drgt_Day0_C5	nanoPOTs_210906J_Drgt_Day0_C5	nanoPOTs	1
C:\Protoplast_Reanalysis\nanoPOTs_210906J_Drgt_Day0_C8.raw	nanoPOTs_210906J_Drgt_Day0_C8	nanoPOTs_210906J_Drgt_Day0_C8	nanoPOTs	1
C:\Protoplast_Reanalysis\nanoPOTs_210906J_Drgt_Day0_C9.raw	nanoPOTs_210906J_Drgt_Day0_C9	nanoPOTs_210906J_Drgt_Day0_C9	nanoPOTs	1
C:\Protoplast_Reanalysis\nanoPOTs_210906J_Drgt_Day0_D10.raw	nanoPOTs_210906J_Drgt_Day0_D10	nanoPOTs_210906J_Drgt_Day0_D10	nanoPOTs	1
C:\Protoplast_Reanalysis\nanoPOTs_210906J_Drgt_Day0_D11.raw	nanoPOTs_210906J_Drgt_Day0_D11	nanoPOTs_210906J_Drgt_Day0_D11	nanoPOTs	1
C:\Protoplast_Reanalysis\nanoPOTs_210906J_Drgt_Day0_D4.raw	nanoPOTs_210906J_Drgt_Day0_D4	nanoPOTs_210906J_Drgt_Day0_D4	nanoPOTs	1
C:\Protoplast_Reanalysis\nanoPOTs_210906J_Drgt_Day0_D8.raw	nanoPOTs_210906J_Drgt_Day0_D8	nanoPOTs_210906J_Drgt_Day0_D8	nanoPOTs	1
C:\Protoplast_Reanalysis\nanoPOTs_Protoplasts_10cell_A10.raw	nanoPOTs_Protoplasts_10cell_A10	nanoPOTs_Protoplasts_10cell_A10	nanoPOTs	1
C:\Protoplast_Reanalysis\nanoPOTs_Protoplasts_10cell_A11.raw	nanoPOTs_Protoplasts_10cell_A11	nanoPOTs_Protoplasts_10cell_A11	nanoPOTs	1
C:\Protoplast_Reanalysis\nanoPOTs_Protoplasts_10cell_A12.raw	nanoPOTs_Protoplasts_10cell_A12	nanoPOTs_Protoplasts_10cell_A12	nanoPOTs	1
C:\Protoplast_Reanalysis\nanoPOTs_Protoplasts_10cell_B12.raw	nanoPOTs_Protoplasts_10cell_B12	nanoPOTs_Protoplasts_10cell_B12	nanoPOTs	1
C:\Protoplast_Reanalysis\nanoPOTs_Protoplasts_1cell_A3.raw	nanoPOTs_Protoplasts_1cell_A3	nanoPOTs_Protoplasts_1cell_A3	nanoPOTs	1
C:\Protoplast_Reanalysis\nanoPOTs_Protoplasts_1cell_A4.raw	nanoPOTs_Protoplasts_1cell_A4	nanoPOTs_Protoplasts_1cell_A4	nanoPOTs	1
C:\Protoplast_Reanalysis\nanoPOTs_Protoplasts_1cell_C3.raw	nanoPOTs_Protoplasts_1cell_C3	nanoPOTs_Protoplasts_1cell_C3	nanoPOTs	1
C:\Protoplast_Reanalysis\nanoPOTs_Protoplasts_1cell_C4.raw	nanoPOTs_Protoplasts_1cell_C4	nanoPOTs_Protoplasts_1cell_C4	nanoPOTs	1
C:\Protoplast_Reanalysis\nanoPOTs_Protoplasts_1cell_D3.raw	nanoPOTs_Protoplasts_1cell_D3	nanoPOTs_Protoplasts_1cell_D3	nanoPOTs	1
C:\Protoplast_Reanalysis\nanoPOTs_Protoplasts_1cell_D4.raw	nanoPOTs_Protoplasts_1cell_D4	nanoPOTs_Protoplasts_1cell_D4	nanoPOTs	1
C:\Protoplast_Reanalysis\nanoPOTs_Protoplasts_1cell_D5.raw	nanoPOTs_Protoplasts_1cell_D5	nanoPOTs_Protoplasts_1cell_D5	nanoPOTs	1
C:\Protoplast_Reanalysis\nanoPOTs_Protoplasts_1cell_D6.raw	nanoPOTs_Protoplasts_1cell_D6	nanoPOTs_Protoplasts_1cell_D6	nanoPOTs	1
C:\Protoplast_Reanalysis\nanoPOTs_Protoplasts_3cell_A7.raw	nanoPOTs_Protoplasts_3cell_A7	nanoPOTs_Protoplasts_3cell_A7	nanoPOTs	1
C:\Protoplast_Reanalysis\nanoPOTs_Protoplasts_3cell_A8.raw	nanoPOTs_Protoplasts_3cell_A8	nanoPOTs_Protoplasts_3cell_A8	nanoPOTs	1
C:\Protoplast_Reanalysis\nanoPOTs_Protoplasts_3cell_A9.raw	nanoPOTs_Protoplasts_3cell_A9	nanoPOTs_Protoplasts_3cell_A9	nanoPOTs	1
C:\Protoplast_Reanalysis\nanoPOTs_Protoplasts_3cell_D7.raw	nanoPOTs_Protoplasts_3cell_D7	nanoPOTs_Protoplasts_3cell_D7	nanoPOTs	1
