source name	characteristics[organism]	characteristics[organism part]	characteristics[age]	characteristics[biological replicate]	characteristics[cell line]	characteristics[cell type]	characteristics[developmental stage]	characteristics[disease]	assay name	technology type	comment[cleavage agent details]	comment[data file]	comment[fraction identifier]	comment[fragment mass tolerance]	comment[instrument]	comment[label]	comment[modification parameters]	comment[modification parameters].1	comment[modification parameters].2	comment[modification parameters].3	comment[modification parameters].4	comment[precursor mass tolerance]	comment[technical replicate]	comment[tool metadata]
nanoPOTs_210902J_Ctrl_Day7_A4	Arabidopsis thaliana	leaf	seven weeks	1	not applicable	mesophyll	not applicable	not applicable	Ctrl-30%	nanoPOTS proteomics	NT=Trypsin/P;CS=(?<=[KR])	nanoPOTs_210902J_Ctrl_Day7_A4.raw	1	400.0 ppm	NT=Orbitrap Fusion Lumos;AC=MS:1002732	AC=MS:1002038;NT=label free sample	NT=Oxidation;MT=Variable;PP=Anywhere;TA=M;MM=15.99490	NT=Acetyl;MT=Variable;PP=Protein N-term;MM=42.01060	NT=nQnC:-17;MT=Variable;PP=Any N-term;TA=QC;MM=-17.02650	NT=nE:-18;MT=Variable;PP=Any N-term;TA=E;MM=-18.01060	NT=Carbamidomethyl;MT=Fixed;PP=Anywhere;TA=C;MM=57.02146	40.0 ppm	1	lesSDRF v0.1.0
nanoPOTs_210902J_Ctrl_Day7_A5	Arabidopsis thaliana	leaf	seven weeks	1	not applicable	mesophyll	not applicable	not applicable	Ctrl-30%	nanoPOTS proteomics	NT=Trypsin/P;CS=(?<=[KR])	nanoPOTs_210902J_Ctrl_Day7_A5.raw	1	400.0 ppm	NT=Orbitrap Fusion Lumos;AC=MS:1002733	AC=MS:1002038;NT=label free sample	NT=Oxidation;MT=Variable;PP=Anywhere;TA=M;MM=15.99490	NT=Acetyl;MT=Variable;PP=Protein N-term;MM=42.01060	NT=nQnC:-17;MT=Variable;PP=Any N-term;TA=QC;MM=-17.02650	NT=nE:-18;MT=Variable;PP=Any N-term;TA=E;MM=-18.01060	NT=Carbamidomethyl;MT=Fixed;PP=Anywhere;TA=C;MM=57.02146	40.0 ppm	1	lesSDRF v0.1.0
nanoPOTs_210902J_Ctrl_Day7_B1	Arabidopsis thaliana	leaf	seven weeks	1	not applicable	mesophyll	not applicable	not applicable	Ctrl-30%	nanoPOTS proteomics	NT=Trypsin/P;CS=(?<=[KR])	nanoPOTs_210902J_Ctrl_Day7_B1.raw	1	400.0 ppm	NT=Orbitrap Fusion Lumos;AC=MS:1002734	AC=MS:1002038;NT=label free sample	NT=Oxidation;MT=Variable;PP=Anywhere;TA=M;MM=15.99490	NT=Acetyl;MT=Variable;PP=Protein N-term;MM=42.01060	NT=nQnC:-17;MT=Variable;PP=Any N-term;TA=QC;MM=-17.02650	NT=nE:-18;MT=Variable;PP=Any N-term;TA=E;MM=-18.01060	NT=Carbamidomethyl;MT=Fixed;PP=Anywhere;TA=C;MM=57.02146	40.0 ppm	1	lesSDRF v0.1.0
nanoPOTs_210902J_Ctrl_Day7_B12	Arabidopsis thaliana	leaf	seven weeks	1	not applicable	mesophyll	not applicable	not applicable	Ctrl-30%	nanoPOTS proteomics	NT=Trypsin/P;CS=(?<=[KR])	nanoPOTs_210902J_Ctrl_Day7_B12.raw	1	400.0 ppm	NT=Orbitrap Fusion Lumos;AC=MS:1002735	AC=MS:1002038;NT=label free sample	NT=Oxidation;MT=Variable;PP=Anywhere;TA=M;MM=15.99490	NT=Acetyl;MT=Variable;PP=Protein N-term;MM=42.01060	NT=nQnC:-17;MT=Variable;PP=Any N-term;TA=QC;MM=-17.02650	NT=nE:-18;MT=Variable;PP=Any N-term;TA=E;MM=-18.01060	NT=Carbamidomethyl;MT=Fixed;PP=Anywhere;TA=C;MM=57.02146	40.0 ppm	1	lesSDRF v0.1.0
nanoPOTs_210902J_Ctrl_Day7_B2	Arabidopsis thaliana	leaf	seven weeks	1	not applicable	mesophyll	not applicable	not applicable	Ctrl-30%	nanoPOTS proteomics	NT=Trypsin/P;CS=(?<=[KR])	nanoPOTs_210902J_Ctrl_Day7_B2.raw	1	400.0 ppm	NT=Orbitrap Fusion Lumos;AC=MS:1002736	AC=MS:1002038;NT=label free sample	NT=Oxidation;MT=Variable;PP=Anywhere;TA=M;MM=15.99490	NT=Acetyl;MT=Variable;PP=Protein N-term;MM=42.01060	NT=nQnC:-17;MT=Variable;PP=Any N-term;TA=QC;MM=-17.02650	NT=nE:-18;MT=Variable;PP=Any N-term;TA=E;MM=-18.01060	NT=Carbamidomethyl;MT=Fixed;PP=Anywhere;TA=C;MM=57.02146	40.0 ppm	1	lesSDRF v0.1.0
nanoPOTs_210902J_Ctrl_Day7_B3	Arabidopsis thaliana	leaf	seven weeks	1	not applicable	mesophyll	not applicable	not applicable	Ctrl-30%	nanoPOTS proteomics	NT=Trypsin/P;CS=(?<=[KR])	nanoPOTs_210902J_Ctrl_Day7_B3.raw	1	400.0 ppm	NT=Orbitrap Fusion Lumos;AC=MS:1002737	AC=MS:1002038;NT=label free sample	NT=Oxidation;MT=Variable;PP=Anywhere;TA=M;MM=15.99490	NT=Acetyl;MT=Variable;PP=Protein N-term;MM=42.01060	NT=nQnC:-17;MT=Variable;PP=Any N-term;TA=QC;MM=-17.02650	NT=nE:-18;MT=Variable;PP=Any N-term;TA=E;MM=-18.01060	NT=Carbamidomethyl;MT=Fixed;PP=Anywhere;TA=C;MM=57.02146	40.0 ppm	1	lesSDRF v0.1.0
nanoPOTs_210902J_Ctrl_Day7_B5	Arabidopsis thaliana	leaf	seven weeks	1	not applicable	mesophyll	not applicable	not applicable	Ctrl-30%	nanoPOTS proteomics	NT=Trypsin/P;CS=(?<=[KR])	nanoPOTs_210902J_Ctrl_Day7_B5.raw	1	400.0 ppm	NT=Orbitrap Fusion Lumos;AC=MS:1002738	AC=MS:1002038;NT=label free sample	NT=Oxidation;MT=Variable;PP=Anywhere;TA=M;MM=15.99490	NT=Acetyl;MT=Variable;PP=Protein N-term;MM=42.01060	NT=nQnC:-17;MT=Variable;PP=Any N-term;TA=QC;MM=-17.02650	NT=nE:-18;MT=Variable;PP=Any N-term;TA=E;MM=-18.01060	NT=Carbamidomethyl;MT=Fixed;PP=Anywhere;TA=C;MM=57.02146	40.0 ppm	1	lesSDRF v0.1.0
nanoPOTs_210902J_Ctrl_Day7_B6	Arabidopsis thaliana	leaf	seven weeks	1	not applicable	mesophyll	not applicable	not applicable	Ctrl-30%	nanoPOTS proteomics	NT=Trypsin/P;CS=(?<=[KR])	nanoPOTs_210902J_Ctrl_Day7_B6.raw	1	400.0 ppm	NT=Orbitrap Fusion Lumos;AC=MS:1002739	AC=MS:1002038;NT=label free sample	NT=Oxidation;MT=Variable;PP=Anywhere;TA=M;MM=15.99490	NT=Acetyl;MT=Variable;PP=Protein N-term;MM=42.01060	NT=nQnC:-17;MT=Variable;PP=Any N-term;TA=QC;MM=-17.02650	NT=nE:-18;MT=Variable;PP=Any N-term;TA=E;MM=-18.01060	NT=Carbamidomethyl;MT=Fixed;PP=Anywhere;TA=C;MM=57.02146	40.0 ppm	1	lesSDRF v0.1.0
nanoPOTs_210902J_Ctrl_Day7_B7	Arabidopsis thaliana	leaf	seven weeks	1	not applicable	mesophyll	not applicable	not applicable	Ctrl-30%	nanoPOTS proteomics	NT=Trypsin/P;CS=(?<=[KR])	nanoPOTs_210902J_Ctrl_Day7_B7.raw	1	400.0 ppm	NT=Orbitrap Fusion Lumos;AC=MS:1002740	AC=MS:1002038;NT=label free sample	NT=Oxidation;MT=Variable;PP=Anywhere;TA=M;MM=15.99490	NT=Acetyl;MT=Variable;PP=Protein N-term;MM=42.01060	NT=nQnC:-17;MT=Variable;PP=Any N-term;TA=QC;MM=-17.02650	NT=nE:-18;MT=Variable;PP=Any N-term;TA=E;MM=-18.01060	NT=Carbamidomethyl;MT=Fixed;PP=Anywhere;TA=C;MM=57.02146	40.0 ppm	1	lesSDRF v0.1.0
nanoPOTs_210902J_Ctrl_Day7_B8	Arabidopsis thaliana	leaf	seven weeks	1	not applicable	mesophyll	not applicable	not applicable	Ctrl-30%	nanoPOTS proteomics	NT=Trypsin/P;CS=(?<=[KR])	nanoPOTs_210902J_Ctrl_Day7_B8.raw	1	400.0 ppm	NT=Orbitrap Fusion Lumos;AC=MS:1002741	AC=MS:1002038;NT=label free sample	NT=Oxidation;MT=Variable;PP=Anywhere;TA=M;MM=15.99490	NT=Acetyl;MT=Variable;PP=Protein N-term;MM=42.01060	NT=nQnC:-17;MT=Variable;PP=Any N-term;TA=QC;MM=-17.02650	NT=nE:-18;MT=Variable;PP=Any N-term;TA=E;MM=-18.01060	NT=Carbamidomethyl;MT=Fixed;PP=Anywhere;TA=C;MM=57.02146	40.0 ppm	1	lesSDRF v0.1.0
nanoPOTs_210902J_Ctrl_Day7_B9	Arabidopsis thaliana	leaf	seven weeks	1	not applicable	mesophyll	not applicable	not applicable	Ctrl-30%	nanoPOTS proteomics	NT=Trypsin/P;CS=(?<=[KR])	nanoPOTs_210902J_Ctrl_Day7_B9.raw	1	400.0 ppm	NT=Orbitrap Fusion Lumos;AC=MS:1002742	AC=MS:1002038;NT=label free sample	NT=Oxidation;MT=Variable;PP=Anywhere;TA=M;MM=15.99490	NT=Acetyl;MT=Variable;PP=Protein N-term;MM=42.01060	NT=nQnC:-17;MT=Variable;PP=Any N-term;TA=QC;MM=-17.02650	NT=nE:-18;MT=Variable;PP=Any N-term;TA=E;MM=-18.01060	NT=Carbamidomethyl;MT=Fixed;PP=Anywhere;TA=C;MM=57.02146	40.0 ppm	1	lesSDRF v0.1.0
nanoPOTs_210902J_Drgt_Day7_C1	Arabidopsis thaliana	leaf	seven weeks	1	not applicable	mesophyll	not applicable	not applicable	WD-30%	nanoPOTS proteomics	NT=Trypsin/P;CS=(?<=[KR])	nanoPOTs_210902J_Drgt_Day7_C1.raw	1	400.0 ppm	NT=Orbitrap Fusion Lumos;AC=MS:1002743	AC=MS:1002038;NT=label free sample	NT=Oxidation;MT=Variable;PP=Anywhere;TA=M;MM=15.99490	NT=Acetyl;MT=Variable;PP=Protein N-term;MM=42.01060	NT=nQnC:-17;MT=Variable;PP=Any N-term;TA=QC;MM=-17.02650	NT=nE:-18;MT=Variable;PP=Any N-term;TA=E;MM=-18.01060	NT=Carbamidomethyl;MT=Fixed;PP=Anywhere;TA=C;MM=57.02146	40.0 ppm	1	lesSDRF v0.1.0
nanoPOTs_210902J_Drgt_Day7_C11	Arabidopsis thaliana	leaf	seven weeks	1	not applicable	mesophyll	not applicable	not applicable	WD-30%	nanoPOTS proteomics	NT=Trypsin/P;CS=(?<=[KR])	nanoPOTs_210902J_Drgt_Day7_C11.raw	1	400.0 ppm	NT=Orbitrap Fusion Lumos;AC=MS:1002744	AC=MS:1002038;NT=label free sample	NT=Oxidation;MT=Variable;PP=Anywhere;TA=M;MM=15.99490	NT=Acetyl;MT=Variable;PP=Protein N-term;MM=42.01060	NT=nQnC:-17;MT=Variable;PP=Any N-term;TA=QC;MM=-17.02650	NT=nE:-18;MT=Variable;PP=Any N-term;TA=E;MM=-18.01060	NT=Carbamidomethyl;MT=Fixed;PP=Anywhere;TA=C;MM=57.02146	40.0 ppm	1	lesSDRF v0.1.0
nanoPOTs_210902J_Drgt_Day7_C12	Arabidopsis thaliana	leaf	seven weeks	1	not applicable	mesophyll	not applicable	not applicable	WD-30%	nanoPOTS proteomics	NT=Trypsin/P;CS=(?<=[KR])	nanoPOTs_210902J_Drgt_Day7_C12.raw	1	400.0 ppm	NT=Orbitrap Fusion Lumos;AC=MS:1002745	AC=MS:1002038;NT=label free sample	NT=Oxidation;MT=Variable;PP=Anywhere;TA=M;MM=15.99490	NT=Acetyl;MT=Variable;PP=Protein N-term;MM=42.01060	NT=nQnC:-17;MT=Variable;PP=Any N-term;TA=QC;MM=-17.02650	NT=nE:-18;MT=Variable;PP=Any N-term;TA=E;MM=-18.01060	NT=Carbamidomethyl;MT=Fixed;PP=Anywhere;TA=C;MM=57.02146	40.0 ppm	1	lesSDRF v0.1.0
nanoPOTs_210902J_Drgt_Day7_C4	Arabidopsis thaliana	leaf	seven weeks	1	not applicable	mesophyll	not applicable	not applicable	WD-30%	nanoPOTS proteomics	NT=Trypsin/P;CS=(?<=[KR])	nanoPOTs_210902J_Drgt_Day7_C4.raw	1	400.0 ppm	NT=Orbitrap Fusion Lumos;AC=MS:1002746	AC=MS:1002038;NT=label free sample	NT=Oxidation;MT=Variable;PP=Anywhere;TA=M;MM=15.99490	NT=Acetyl;MT=Variable;PP=Protein N-term;MM=42.01060	NT=nQnC:-17;MT=Variable;PP=Any N-term;TA=QC;MM=-17.02650	NT=nE:-18;MT=Variable;PP=Any N-term;TA=E;MM=-18.01060	NT=Carbamidomethyl;MT=Fixed;PP=Anywhere;TA=C;MM=57.02146	40.0 ppm	1	lesSDRF v0.1.0
nanoPOTs_210902J_Drgt_Day7_C5	Arabidopsis thaliana	leaf	seven weeks	1	not applicable	mesophyll	not applicable	not applicable	WD-30%	nanoPOTS proteomics	NT=Trypsin/P;CS=(?<=[KR])	nanoPOTs_210902J_Drgt_Day7_C5.raw	1	400.0 ppm	NT=Orbitrap Fusion Lumos;AC=MS:1002747	AC=MS:1002038;NT=label free sample	NT=Oxidation;MT=Variable;PP=Anywhere;TA=M;MM=15.99490	NT=Acetyl;MT=Variable;PP=Protein N-term;MM=42.01060	NT=nQnC:-17;MT=Variable;PP=Any N-term;TA=QC;MM=-17.02650	NT=nE:-18;MT=Variable;PP=Any N-term;TA=E;MM=-18.01060	NT=Carbamidomethyl;MT=Fixed;PP=Anywhere;TA=C;MM=57.02146	40.0 ppm	1	lesSDRF v0.1.0
nanoPOTs_210902J_Drgt_Day7_C8	Arabidopsis thaliana	leaf	seven weeks	1	not applicable	mesophyll	not applicable	not applicable	WD-30%	nanoPOTS proteomics	NT=Trypsin/P;CS=(?<=[KR])	nanoPOTs_210902J_Drgt_Day7_C8.raw	1	400.0 ppm	NT=Orbitrap Fusion Lumos;AC=MS:1002748	AC=MS:1002038;NT=label free sample	NT=Oxidation;MT=Variable;PP=Anywhere;TA=M;MM=15.99490	NT=Acetyl;MT=Variable;PP=Protein N-term;MM=42.01060	NT=nQnC:-17;MT=Variable;PP=Any N-term;TA=QC;MM=-17.02650	NT=nE:-18;MT=Variable;PP=Any N-term;TA=E;MM=-18.01060	NT=Carbamidomethyl;MT=Fixed;PP=Anywhere;TA=C;MM=57.02146	40.0 ppm	1	lesSDRF v0.1.0
nanoPOTs_210902J_Drgt_Day7_C9	Arabidopsis thaliana	leaf	seven weeks	1	not applicable	mesophyll	not applicable	not applicable	WD-30%	nanoPOTS proteomics	NT=Trypsin/P;CS=(?<=[KR])	nanoPOTs_210902J_Drgt_Day7_C9.raw	1	400.0 ppm	NT=Orbitrap Fusion Lumos;AC=MS:1002749	AC=MS:1002038;NT=label free sample	NT=Oxidation;MT=Variable;PP=Anywhere;TA=M;MM=15.99490	NT=Acetyl;MT=Variable;PP=Protein N-term;MM=42.01060	NT=nQnC:-17;MT=Variable;PP=Any N-term;TA=QC;MM=-17.02650	NT=nE:-18;MT=Variable;PP=Any N-term;TA=E;MM=-18.01060	NT=Carbamidomethyl;MT=Fixed;PP=Anywhere;TA=C;MM=57.02146	40.0 ppm	1	lesSDRF v0.1.0
nanoPOTs_210902J_Drgt_Day7_D1	Arabidopsis thaliana	leaf	seven weeks	1	not applicable	mesophyll	not applicable	not applicable	WD-30%	nanoPOTS proteomics	NT=Trypsin/P;CS=(?<=[KR])	nanoPOTs_210902J_Drgt_Day7_D1.raw	1	400.0 ppm	NT=Orbitrap Fusion Lumos;AC=MS:1002750	AC=MS:1002038;NT=label free sample	NT=Oxidation;MT=Variable;PP=Anywhere;TA=M;MM=15.99490	NT=Acetyl;MT=Variable;PP=Protein N-term;MM=42.01060	NT=nQnC:-17;MT=Variable;PP=Any N-term;TA=QC;MM=-17.02650	NT=nE:-18;MT=Variable;PP=Any N-term;TA=E;MM=-18.01060	NT=Carbamidomethyl;MT=Fixed;PP=Anywhere;TA=C;MM=57.02146	40.0 ppm	1	lesSDRF v0.1.0
nanoPOTs_210902J_Drgt_Day7_D5	Arabidopsis thaliana	leaf	seven weeks	1	not applicable	mesophyll	not applicable	not applicable	WD-30%	nanoPOTS proteomics	NT=Trypsin/P;CS=(?<=[KR])	nanoPOTs_210902J_Drgt_Day7_D5.raw	1	400.0 ppm	NT=Orbitrap Fusion Lumos;AC=MS:1002751	AC=MS:1002038;NT=label free sample	NT=Oxidation;MT=Variable;PP=Anywhere;TA=M;MM=15.99490	NT=Acetyl;MT=Variable;PP=Protein N-term;MM=42.01060	NT=nQnC:-17;MT=Variable;PP=Any N-term;TA=QC;MM=-17.02650	NT=nE:-18;MT=Variable;PP=Any N-term;TA=E;MM=-18.01060	NT=Carbamidomethyl;MT=Fixed;PP=Anywhere;TA=C;MM=57.02146	40.0 ppm	1	lesSDRF v0.1.0
nanoPOTs_210902J_Drgt_Day7_D6	Arabidopsis thaliana	leaf	seven weeks	1	not applicable	mesophyll	not applicable	not applicable	WD-30%	nanoPOTS proteomics	NT=Trypsin/P;CS=(?<=[KR])	nanoPOTs_210902J_Drgt_Day7_D6.raw	1	400.0 ppm	NT=Orbitrap Fusion Lumos;AC=MS:1002752	AC=MS:1002038;NT=label free sample	NT=Oxidation;MT=Variable;PP=Anywhere;TA=M;MM=15.99490	NT=Acetyl;MT=Variable;PP=Protein N-term;MM=42.01060	NT=nQnC:-17;MT=Variable;PP=Any N-term;TA=QC;MM=-17.02650	NT=nE:-18;MT=Variable;PP=Any N-term;TA=E;MM=-18.01060	NT=Carbamidomethyl;MT=Fixed;PP=Anywhere;TA=C;MM=57.02146	40.0 ppm	1	lesSDRF v0.1.0
nanoPOTs_210902J_Drgt_Day7_D9	Arabidopsis thaliana	leaf	seven weeks	1	not applicable	mesophyll	not applicable	not applicable	WD-30%	nanoPOTS proteomics	NT=Trypsin/P;CS=(?<=[KR])	nanoPOTs_210902J_Drgt_Day7_D9.raw	1	400.0 ppm	NT=Orbitrap Fusion Lumos;AC=MS:1002753	AC=MS:1002038;NT=label free sample	NT=Oxidation;MT=Variable;PP=Anywhere;TA=M;MM=15.99490	NT=Acetyl;MT=Variable;PP=Protein N-term;MM=42.01060	NT=nQnC:-17;MT=Variable;PP=Any N-term;TA=QC;MM=-17.02650	NT=nE:-18;MT=Variable;PP=Any N-term;TA=E;MM=-18.01060	NT=Carbamidomethyl;MT=Fixed;PP=Anywhere;TA=C;MM=57.02146	40.0 ppm	1	lesSDRF v0.1.0
nanoPOTs_210903J_Ctrl_Day7_A10	Arabidopsis thaliana	leaf	seven weeks	1	not applicable	mesophyll	not applicable	not applicable	Ctrl-30%	nanoPOTS proteomics	NT=Trypsin/P;CS=(?<=[KR])	nanoPOTs_210903J_Ctrl_Day7_A10.raw	1	400.0 ppm	NT=Orbitrap Fusion Lumos;AC=MS:1002754	AC=MS:1002038;NT=label free sample	NT=Oxidation;MT=Variable;PP=Anywhere;TA=M;MM=15.99490	NT=Acetyl;MT=Variable;PP=Protein N-term;MM=42.01060	NT=nQnC:-17;MT=Variable;PP=Any N-term;TA=QC;MM=-17.02650	NT=nE:-18;MT=Variable;PP=Any N-term;TA=E;MM=-18.01060	NT=Carbamidomethyl;MT=Fixed;PP=Anywhere;TA=C;MM=57.02146	40.0 ppm	1	lesSDRF v0.1.0
nanoPOTs_210903J_Ctrl_Day7_A11	Arabidopsis thaliana	leaf	seven weeks	1	not applicable	mesophyll	not applicable	not applicable	Ctrl-30%	nanoPOTS proteomics	NT=Trypsin/P;CS=(?<=[KR])	nanoPOTs_210903J_Ctrl_Day7_A11.raw	1	400.0 ppm	NT=Orbitrap Fusion Lumos;AC=MS:1002755	AC=MS:1002038;NT=label free sample	NT=Oxidation;MT=Variable;PP=Anywhere;TA=M;MM=15.99490	NT=Acetyl;MT=Variable;PP=Protein N-term;MM=42.01060	NT=nQnC:-17;MT=Variable;PP=Any N-term;TA=QC;MM=-17.02650	NT=nE:-18;MT=Variable;PP=Any N-term;TA=E;MM=-18.01060	NT=Carbamidomethyl;MT=Fixed;PP=Anywhere;TA=C;MM=57.02146	40.0 ppm	1	lesSDRF v0.1.0
nanoPOTs_210903J_Ctrl_Day7_A7	Arabidopsis thaliana	leaf	seven weeks	1	not applicable	mesophyll	not applicable	not applicable	Ctrl-30%	nanoPOTS proteomics	NT=Trypsin/P;CS=(?<=[KR])	nanoPOTs_210903J_Ctrl_Day7_A7.raw	1	400.0 ppm	NT=Orbitrap Fusion Lumos;AC=MS:1002756	AC=MS:1002038;NT=label free sample	NT=Oxidation;MT=Variable;PP=Anywhere;TA=M;MM=15.99490	NT=Acetyl;MT=Variable;PP=Protein N-term;MM=42.01060	NT=nQnC:-17;MT=Variable;PP=Any N-term;TA=QC;MM=-17.02650	NT=nE:-18;MT=Variable;PP=Any N-term;TA=E;MM=-18.01060	NT=Carbamidomethyl;MT=Fixed;PP=Anywhere;TA=C;MM=57.02146	40.0 ppm	1	lesSDRF v0.1.0
nanoPOTs_210903J_Ctrl_Day7_B10	Arabidopsis thaliana	leaf	seven weeks	1	not applicable	mesophyll	not applicable	not applicable	Ctrl-30%	nanoPOTS proteomics	NT=Trypsin/P;CS=(?<=[KR])	nanoPOTs_210903J_Ctrl_Day7_B10.raw	1	400.0 ppm	NT=Orbitrap Fusion Lumos;AC=MS:1002757	AC=MS:1002038;NT=label free sample	NT=Oxidation;MT=Variable;PP=Anywhere;TA=M;MM=15.99490	NT=Acetyl;MT=Variable;PP=Protein N-term;MM=42.01060	NT=nQnC:-17;MT=Variable;PP=Any N-term;TA=QC;MM=-17.02650	NT=nE:-18;MT=Variable;PP=Any N-term;TA=E;MM=-18.01060	NT=Carbamidomethyl;MT=Fixed;PP=Anywhere;TA=C;MM=57.02146	40.0 ppm	1	lesSDRF v0.1.0
nanoPOTs_210903J_Ctrl_Day7_B3	Arabidopsis thaliana	leaf	seven weeks	1	not applicable	mesophyll	not applicable	not applicable	Ctrl-30%	nanoPOTS proteomics	NT=Trypsin/P;CS=(?<=[KR])	nanoPOTs_210903J_Ctrl_Day7_B3.raw	1	400.0 ppm	NT=Orbitrap Fusion Lumos;AC=MS:1002758	AC=MS:1002038;NT=label free sample	NT=Oxidation;MT=Variable;PP=Anywhere;TA=M;MM=15.99490	NT=Acetyl;MT=Variable;PP=Protein N-term;MM=42.01060	NT=nQnC:-17;MT=Variable;PP=Any N-term;TA=QC;MM=-17.02650	NT=nE:-18;MT=Variable;PP=Any N-term;TA=E;MM=-18.01060	NT=Carbamidomethyl;MT=Fixed;PP=Anywhere;TA=C;MM=57.02146	40.0 ppm	1	lesSDRF v0.1.0
nanoPOTs_210903J_Ctrl_Day7_B4	Arabidopsis thaliana	leaf	seven weeks	1	not applicable	mesophyll	not applicable	not applicable	Ctrl-30%	nanoPOTS proteomics	NT=Trypsin/P;CS=(?<=[KR])	nanoPOTs_210903J_Ctrl_Day7_B4.raw	1	400.0 ppm	NT=Orbitrap Fusion Lumos;AC=MS:1002759	AC=MS:1002038;NT=label free sample	NT=Oxidation;MT=Variable;PP=Anywhere;TA=M;MM=15.99490	NT=Acetyl;MT=Variable;PP=Protein N-term;MM=42.01060	NT=nQnC:-17;MT=Variable;PP=Any N-term;TA=QC;MM=-17.02650	NT=nE:-18;MT=Variable;PP=Any N-term;TA=E;MM=-18.01060	NT=Carbamidomethyl;MT=Fixed;PP=Anywhere;TA=C;MM=57.02146	40.0 ppm	1	lesSDRF v0.1.0
nanoPOTs_210903J_Ctrl_Day7_B6	Arabidopsis thaliana	leaf	seven weeks	1	not applicable	mesophyll	not applicable	not applicable	Ctrl-30%	nanoPOTS proteomics	NT=Trypsin/P;CS=(?<=[KR])	nanoPOTs_210903J_Ctrl_Day7_B6.raw	1	400.0 ppm	NT=Orbitrap Fusion Lumos;AC=MS:1002760	AC=MS:1002038;NT=label free sample	NT=Oxidation;MT=Variable;PP=Anywhere;TA=M;MM=15.99490	NT=Acetyl;MT=Variable;PP=Protein N-term;MM=42.01060	NT=nQnC:-17;MT=Variable;PP=Any N-term;TA=QC;MM=-17.02650	NT=nE:-18;MT=Variable;PP=Any N-term;TA=E;MM=-18.01060	NT=Carbamidomethyl;MT=Fixed;PP=Anywhere;TA=C;MM=57.02146	40.0 ppm	1	lesSDRF v0.1.0
nanoPOTs_210903J_Ctrl_Day7_B8	Arabidopsis thaliana	leaf	seven weeks	1	not applicable	mesophyll	not applicable	not applicable	Ctrl-30%	nanoPOTS proteomics	NT=Trypsin/P;CS=(?<=[KR])	nanoPOTs_210903J_Ctrl_Day7_B8.raw	1	400.0 ppm	NT=Orbitrap Fusion Lumos;AC=MS:1002761	AC=MS:1002038;NT=label free sample	NT=Oxidation;MT=Variable;PP=Anywhere;TA=M;MM=15.99490	NT=Acetyl;MT=Variable;PP=Protein N-term;MM=42.01060	NT=nQnC:-17;MT=Variable;PP=Any N-term;TA=QC;MM=-17.02650	NT=nE:-18;MT=Variable;PP=Any N-term;TA=E;MM=-18.01060	NT=Carbamidomethyl;MT=Fixed;PP=Anywhere;TA=C;MM=57.02146	40.0 ppm	1	lesSDRF v0.1.0
nanoPOTs_210903J_Ctrl_Day7_B9	Arabidopsis thaliana	leaf	seven weeks	1	not applicable	mesophyll	not applicable	not applicable	Ctrl-30%	nanoPOTS proteomics	NT=Trypsin/P;CS=(?<=[KR])	nanoPOTs_210903J_Ctrl_Day7_B9.raw	1	400.0 ppm	NT=Orbitrap Fusion Lumos;AC=MS:1002762	AC=MS:1002038;NT=label free sample	NT=Oxidation;MT=Variable;PP=Anywhere;TA=M;MM=15.99490	NT=Acetyl;MT=Variable;PP=Protein N-term;MM=42.01060	NT=nQnC:-17;MT=Variable;PP=Any N-term;TA=QC;MM=-17.02650	NT=nE:-18;MT=Variable;PP=Any N-term;TA=E;MM=-18.01060	NT=Carbamidomethyl;MT=Fixed;PP=Anywhere;TA=C;MM=57.02146	40.0 ppm	1	lesSDRF v0.1.0
nanoPOTs_210903J_Drgt_Day7_C1	Arabidopsis thaliana	leaf	seven weeks	1	not applicable	mesophyll	not applicable	not applicable	WD-30%	nanoPOTS proteomics	NT=Trypsin/P;CS=(?<=[KR])	nanoPOTs_210903J_Drgt_Day7_C1.raw	1	400.0 ppm	NT=Orbitrap Fusion Lumos;AC=MS:1002763	AC=MS:1002038;NT=label free sample	NT=Oxidation;MT=Variable;PP=Anywhere;TA=M;MM=15.99490	NT=Acetyl;MT=Variable;PP=Protein N-term;MM=42.01060	NT=nQnC:-17;MT=Variable;PP=Any N-term;TA=QC;MM=-17.02650	NT=nE:-18;MT=Variable;PP=Any N-term;TA=E;MM=-18.01060	NT=Carbamidomethyl;MT=Fixed;PP=Anywhere;TA=C;MM=57.02146	40.0 ppm	1	lesSDRF v0.1.0
nanoPOTs_210903J_Drgt_Day7_C11	Arabidopsis thaliana	leaf	seven weeks	1	not applicable	mesophyll	not applicable	not applicable	WD-30%	nanoPOTS proteomics	NT=Trypsin/P;CS=(?<=[KR])	nanoPOTs_210903J_Drgt_Day7_C11.raw	1	400.0 ppm	NT=Orbitrap Fusion Lumos;AC=MS:1002764	AC=MS:1002038;NT=label free sample	NT=Oxidation;MT=Variable;PP=Anywhere;TA=M;MM=15.99490	NT=Acetyl;MT=Variable;PP=Protein N-term;MM=42.01060	NT=nQnC:-17;MT=Variable;PP=Any N-term;TA=QC;MM=-17.02650	NT=nE:-18;MT=Variable;PP=Any N-term;TA=E;MM=-18.01060	NT=Carbamidomethyl;MT=Fixed;PP=Anywhere;TA=C;MM=57.02146	40.0 ppm	1	lesSDRF v0.1.0
nanoPOTs_210903J_Drgt_Day7_C2	Arabidopsis thaliana	leaf	seven weeks	1	not applicable	mesophyll	not applicable	not applicable	WD-30%	nanoPOTS proteomics	NT=Trypsin/P;CS=(?<=[KR])	nanoPOTs_210903J_Drgt_Day7_C2.raw	1	400.0 ppm	NT=Orbitrap Fusion Lumos;AC=MS:1002765	AC=MS:1002038;NT=label free sample	NT=Oxidation;MT=Variable;PP=Anywhere;TA=M;MM=15.99490	NT=Acetyl;MT=Variable;PP=Protein N-term;MM=42.01060	NT=nQnC:-17;MT=Variable;PP=Any N-term;TA=QC;MM=-17.02650	NT=nE:-18;MT=Variable;PP=Any N-term;TA=E;MM=-18.01060	NT=Carbamidomethyl;MT=Fixed;PP=Anywhere;TA=C;MM=57.02146	40.0 ppm	1	lesSDRF v0.1.0
nanoPOTs_210903J_Drgt_Day7_C3	Arabidopsis thaliana	leaf	seven weeks	1	not applicable	mesophyll	not applicable	not applicable	WD-30%	nanoPOTS proteomics	NT=Trypsin/P;CS=(?<=[KR])	nanoPOTs_210903J_Drgt_Day7_C3.raw	1	400.0 ppm	NT=Orbitrap Fusion Lumos;AC=MS:1002766	AC=MS:1002038;NT=label free sample	NT=Oxidation;MT=Variable;PP=Anywhere;TA=M;MM=15.99490	NT=Acetyl;MT=Variable;PP=Protein N-term;MM=42.01060	NT=nQnC:-17;MT=Variable;PP=Any N-term;TA=QC;MM=-17.02650	NT=nE:-18;MT=Variable;PP=Any N-term;TA=E;MM=-18.01060	NT=Carbamidomethyl;MT=Fixed;PP=Anywhere;TA=C;MM=57.02146	40.0 ppm	1	lesSDRF v0.1.0
nanoPOTs_210903J_Drgt_Day7_C4	Arabidopsis thaliana	leaf	seven weeks	1	not applicable	mesophyll	not applicable	not applicable	WD-30%	nanoPOTS proteomics	NT=Trypsin/P;CS=(?<=[KR])	nanoPOTs_210903J_Drgt_Day7_C4.raw	1	400.0 ppm	NT=Orbitrap Fusion Lumos;AC=MS:1002767	AC=MS:1002038;NT=label free sample	NT=Oxidation;MT=Variable;PP=Anywhere;TA=M;MM=15.99490	NT=Acetyl;MT=Variable;PP=Protein N-term;MM=42.01060	NT=nQnC:-17;MT=Variable;PP=Any N-term;TA=QC;MM=-17.02650	NT=nE:-18;MT=Variable;PP=Any N-term;TA=E;MM=-18.01060	NT=Carbamidomethyl;MT=Fixed;PP=Anywhere;TA=C;MM=57.02146	40.0 ppm	1	lesSDRF v0.1.0
nanoPOTs_210903J_Drgt_Day7_C5	Arabidopsis thaliana	leaf	seven weeks	1	not applicable	mesophyll	not applicable	not applicable	WD-30%	nanoPOTS proteomics	NT=Trypsin/P;CS=(?<=[KR])	nanoPOTs_210903J_Drgt_Day7_C5.raw	1	400.0 ppm	NT=Orbitrap Fusion Lumos;AC=MS:1002768	AC=MS:1002038;NT=label free sample	NT=Oxidation;MT=Variable;PP=Anywhere;TA=M;MM=15.99490	NT=Acetyl;MT=Variable;PP=Protein N-term;MM=42.01060	NT=nQnC:-17;MT=Variable;PP=Any N-term;TA=QC;MM=-17.02650	NT=nE:-18;MT=Variable;PP=Any N-term;TA=E;MM=-18.01060	NT=Carbamidomethyl;MT=Fixed;PP=Anywhere;TA=C;MM=57.02146	40.0 ppm	1	lesSDRF v0.1.0
nanoPOTs_210903J_Drgt_Day7_C6	Arabidopsis thaliana	leaf	seven weeks	1	not applicable	mesophyll	not applicable	not applicable	WD-30%	nanoPOTS proteomics	NT=Trypsin/P;CS=(?<=[KR])	nanoPOTs_210903J_Drgt_Day7_C6.raw	1	400.0 ppm	NT=Orbitrap Fusion Lumos;AC=MS:1002769	AC=MS:1002038;NT=label free sample	NT=Oxidation;MT=Variable;PP=Anywhere;TA=M;MM=15.99490	NT=Acetyl;MT=Variable;PP=Protein N-term;MM=42.01060	NT=nQnC:-17;MT=Variable;PP=Any N-term;TA=QC;MM=-17.02650	NT=nE:-18;MT=Variable;PP=Any N-term;TA=E;MM=-18.01060	NT=Carbamidomethyl;MT=Fixed;PP=Anywhere;TA=C;MM=57.02146	40.0 ppm	1	lesSDRF v0.1.0
nanoPOTs_210903J_Drgt_Day7_C9	Arabidopsis thaliana	leaf	seven weeks	1	not applicable	mesophyll	not applicable	not applicable	WD-30%	nanoPOTS proteomics	NT=Trypsin/P;CS=(?<=[KR])	nanoPOTs_210903J_Drgt_Day7_C9.raw	1	400.0 ppm	NT=Orbitrap Fusion Lumos;AC=MS:1002770	AC=MS:1002038;NT=label free sample	NT=Oxidation;MT=Variable;PP=Anywhere;TA=M;MM=15.99490	NT=Acetyl;MT=Variable;PP=Protein N-term;MM=42.01060	NT=nQnC:-17;MT=Variable;PP=Any N-term;TA=QC;MM=-17.02650	NT=nE:-18;MT=Variable;PP=Any N-term;TA=E;MM=-18.01060	NT=Carbamidomethyl;MT=Fixed;PP=Anywhere;TA=C;MM=57.02146	40.0 ppm	1	lesSDRF v0.1.0
nanoPOTs_210903J_Drgt_Day7_D1	Arabidopsis thaliana	leaf	seven weeks	1	not applicable	mesophyll	not applicable	not applicable	WD-30%	nanoPOTS proteomics	NT=Trypsin/P;CS=(?<=[KR])	nanoPOTs_210903J_Drgt_Day7_D1.raw	1	400.0 ppm	NT=Orbitrap Fusion Lumos;AC=MS:1002771	AC=MS:1002038;NT=label free sample	NT=Oxidation;MT=Variable;PP=Anywhere;TA=M;MM=15.99490	NT=Acetyl;MT=Variable;PP=Protein N-term;MM=42.01060	NT=nQnC:-17;MT=Variable;PP=Any N-term;TA=QC;MM=-17.02650	NT=nE:-18;MT=Variable;PP=Any N-term;TA=E;MM=-18.01060	NT=Carbamidomethyl;MT=Fixed;PP=Anywhere;TA=C;MM=57.02146	40.0 ppm	1	lesSDRF v0.1.0
nanoPOTs_210903J_Drgt_Day7_D10	Arabidopsis thaliana	leaf	seven weeks	1	not applicable	mesophyll	not applicable	not applicable	WD-30%	nanoPOTS proteomics	NT=Trypsin/P;CS=(?<=[KR])	nanoPOTs_210903J_Drgt_Day7_D10.raw	1	400.0 ppm	NT=Orbitrap Fusion Lumos;AC=MS:1002772	AC=MS:1002038;NT=label free sample	NT=Oxidation;MT=Variable;PP=Anywhere;TA=M;MM=15.99490	NT=Acetyl;MT=Variable;PP=Protein N-term;MM=42.01060	NT=nQnC:-17;MT=Variable;PP=Any N-term;TA=QC;MM=-17.02650	NT=nE:-18;MT=Variable;PP=Any N-term;TA=E;MM=-18.01060	NT=Carbamidomethyl;MT=Fixed;PP=Anywhere;TA=C;MM=57.02146	40.0 ppm	1	lesSDRF v0.1.0
nanoPOTs_210903J_Drgt_Day7_D11	Arabidopsis thaliana	leaf	seven weeks	1	not applicable	mesophyll	not applicable	not applicable	WD-30%	nanoPOTS proteomics	NT=Trypsin/P;CS=(?<=[KR])	nanoPOTs_210903J_Drgt_Day7_D11.raw	1	400.0 ppm	NT=Orbitrap Fusion Lumos;AC=MS:1002773	AC=MS:1002038;NT=label free sample	NT=Oxidation;MT=Variable;PP=Anywhere;TA=M;MM=15.99490	NT=Acetyl;MT=Variable;PP=Protein N-term;MM=42.01060	NT=nQnC:-17;MT=Variable;PP=Any N-term;TA=QC;MM=-17.02650	NT=nE:-18;MT=Variable;PP=Any N-term;TA=E;MM=-18.01060	NT=Carbamidomethyl;MT=Fixed;PP=Anywhere;TA=C;MM=57.02146	40.0 ppm	1	lesSDRF v0.1.0
nanoPOTs_210903J_Drgt_Day7_D4	Arabidopsis thaliana	leaf	seven weeks	1	not applicable	mesophyll	not applicable	not applicable	WD-30%	nanoPOTS proteomics	NT=Trypsin/P;CS=(?<=[KR])	nanoPOTs_210903J_Drgt_Day7_D4.raw	1	400.0 ppm	NT=Orbitrap Fusion Lumos;AC=MS:1002774	AC=MS:1002038;NT=label free sample	NT=Oxidation;MT=Variable;PP=Anywhere;TA=M;MM=15.99490	NT=Acetyl;MT=Variable;PP=Protein N-term;MM=42.01060	NT=nQnC:-17;MT=Variable;PP=Any N-term;TA=QC;MM=-17.02650	NT=nE:-18;MT=Variable;PP=Any N-term;TA=E;MM=-18.01060	NT=Carbamidomethyl;MT=Fixed;PP=Anywhere;TA=C;MM=57.02146	40.0 ppm	1	lesSDRF v0.1.0
nanoPOTs_210903J_Drgt_Day7_D5	Arabidopsis thaliana	leaf	seven weeks	1	not applicable	mesophyll	not applicable	not applicable	WD-30%	nanoPOTS proteomics	NT=Trypsin/P;CS=(?<=[KR])	nanoPOTs_210903J_Drgt_Day7_D5.raw	1	400.0 ppm	NT=Orbitrap Fusion Lumos;AC=MS:1002775	AC=MS:1002038;NT=label free sample	NT=Oxidation;MT=Variable;PP=Anywhere;TA=M;MM=15.99490	NT=Acetyl;MT=Variable;PP=Protein N-term;MM=42.01060	NT=nQnC:-17;MT=Variable;PP=Any N-term;TA=QC;MM=-17.02650	NT=nE:-18;MT=Variable;PP=Any N-term;TA=E;MM=-18.01060	NT=Carbamidomethyl;MT=Fixed;PP=Anywhere;TA=C;MM=57.02146	40.0 ppm	1	lesSDRF v0.1.0
nanoPOTs_210903J_Drgt_Day7_D6	Arabidopsis thaliana	leaf	seven weeks	1	not applicable	mesophyll	not applicable	not applicable	WD-30%	nanoPOTS proteomics	NT=Trypsin/P;CS=(?<=[KR])	nanoPOTs_210903J_Drgt_Day7_D6.raw	1	400.0 ppm	NT=Orbitrap Fusion Lumos;AC=MS:1002776	AC=MS:1002038;NT=label free sample	NT=Oxidation;MT=Variable;PP=Anywhere;TA=M;MM=15.99490	NT=Acetyl;MT=Variable;PP=Protein N-term;MM=42.01060	NT=nQnC:-17;MT=Variable;PP=Any N-term;TA=QC;MM=-17.02650	NT=nE:-18;MT=Variable;PP=Any N-term;TA=E;MM=-18.01060	NT=Carbamidomethyl;MT=Fixed;PP=Anywhere;TA=C;MM=57.02146	40.0 ppm	1	lesSDRF v0.1.0
nanoPOTs_210903J_Drgt_Day7_D8	Arabidopsis thaliana	leaf	seven weeks	1	not applicable	mesophyll	not applicable	not applicable	WD-30%	nanoPOTS proteomics	NT=Trypsin/P;CS=(?<=[KR])	nanoPOTs_210903J_Drgt_Day7_D8.raw	1	400.0 ppm	NT=Orbitrap Fusion Lumos;AC=MS:1002777	AC=MS:1002038;NT=label free sample	NT=Oxidation;MT=Variable;PP=Anywhere;TA=M;MM=15.99490	NT=Acetyl;MT=Variable;PP=Protein N-term;MM=42.01060	NT=nQnC:-17;MT=Variable;PP=Any N-term;TA=QC;MM=-17.02650	NT=nE:-18;MT=Variable;PP=Any N-term;TA=E;MM=-18.01060	NT=Carbamidomethyl;MT=Fixed;PP=Anywhere;TA=C;MM=57.02146	40.0 ppm	1	lesSDRF v0.1.0
nanoPOTs_210904J_Ctrl_Day7_A10	Arabidopsis thaliana	leaf	seven weeks	1	not applicable	mesophyll	not applicable	not applicable	Ctrl-30%	nanoPOTS proteomics	NT=Trypsin/P;CS=(?<=[KR])	nanoPOTs_210904J_Ctrl_Day7_A10.raw	1	400.0 ppm	NT=Orbitrap Fusion Lumos;AC=MS:1002778	AC=MS:1002038;NT=label free sample	NT=Oxidation;MT=Variable;PP=Anywhere;TA=M;MM=15.99490	NT=Acetyl;MT=Variable;PP=Protein N-term;MM=42.01060	NT=nQnC:-17;MT=Variable;PP=Any N-term;TA=QC;MM=-17.02650	NT=nE:-18;MT=Variable;PP=Any N-term;TA=E;MM=-18.01060	NT=Carbamidomethyl;MT=Fixed;PP=Anywhere;TA=C;MM=57.02146	40.0 ppm	1	lesSDRF v0.1.0
nanoPOTs_210904J_Ctrl_Day7_A11	Arabidopsis thaliana	leaf	seven weeks	1	not applicable	mesophyll	not applicable	not applicable	Ctrl-30%	nanoPOTS proteomics	NT=Trypsin/P;CS=(?<=[KR])	nanoPOTs_210904J_Ctrl_Day7_A11.raw	1	400.0 ppm	NT=Orbitrap Fusion Lumos;AC=MS:1002779	AC=MS:1002038;NT=label free sample	NT=Oxidation;MT=Variable;PP=Anywhere;TA=M;MM=15.99490	NT=Acetyl;MT=Variable;PP=Protein N-term;MM=42.01060	NT=nQnC:-17;MT=Variable;PP=Any N-term;TA=QC;MM=-17.02650	NT=nE:-18;MT=Variable;PP=Any N-term;TA=E;MM=-18.01060	NT=Carbamidomethyl;MT=Fixed;PP=Anywhere;TA=C;MM=57.02146	40.0 ppm	1	lesSDRF v0.1.0
nanoPOTs_210904J_Ctrl_Day7_A12	Arabidopsis thaliana	leaf	seven weeks	1	not applicable	mesophyll	not applicable	not applicable	Ctrl-30%	nanoPOTS proteomics	NT=Trypsin/P;CS=(?<=[KR])	nanoPOTs_210904J_Ctrl_Day7_A12.raw	1	400.0 ppm	NT=Orbitrap Fusion Lumos;AC=MS:1002780	AC=MS:1002038;NT=label free sample	NT=Oxidation;MT=Variable;PP=Anywhere;TA=M;MM=15.99490	NT=Acetyl;MT=Variable;PP=Protein N-term;MM=42.01060	NT=nQnC:-17;MT=Variable;PP=Any N-term;TA=QC;MM=-17.02650	NT=nE:-18;MT=Variable;PP=Any N-term;TA=E;MM=-18.01060	NT=Carbamidomethyl;MT=Fixed;PP=Anywhere;TA=C;MM=57.02146	40.0 ppm	1	lesSDRF v0.1.0
nanoPOTs_210904J_Ctrl_Day7_B1	Arabidopsis thaliana	leaf	seven weeks	1	not applicable	mesophyll	not applicable	not applicable	Ctrl-30%	nanoPOTS proteomics	NT=Trypsin/P;CS=(?<=[KR])	nanoPOTs_210904J_Ctrl_Day7_B1.raw	1	400.0 ppm	NT=Orbitrap Fusion Lumos;AC=MS:1002781	AC=MS:1002038;NT=label free sample	NT=Oxidation;MT=Variable;PP=Anywhere;TA=M;MM=15.99490	NT=Acetyl;MT=Variable;PP=Protein N-term;MM=42.01060	NT=nQnC:-17;MT=Variable;PP=Any N-term;TA=QC;MM=-17.02650	NT=nE:-18;MT=Variable;PP=Any N-term;TA=E;MM=-18.01060	NT=Carbamidomethyl;MT=Fixed;PP=Anywhere;TA=C;MM=57.02146	40.0 ppm	1	lesSDRF v0.1.0
nanoPOTs_210904J_Ctrl_Day7_B12	Arabidopsis thaliana	leaf	seven weeks	1	not applicable	mesophyll	not applicable	not applicable	Ctrl-30%	nanoPOTS proteomics	NT=Trypsin/P;CS=(?<=[KR])	nanoPOTs_210904J_Ctrl_Day7_B12.raw	1	400.0 ppm	NT=Orbitrap Fusion Lumos;AC=MS:1002782	AC=MS:1002038;NT=label free sample	NT=Oxidation;MT=Variable;PP=Anywhere;TA=M;MM=15.99490	NT=Acetyl;MT=Variable;PP=Protein N-term;MM=42.01060	NT=nQnC:-17;MT=Variable;PP=Any N-term;TA=QC;MM=-17.02650	NT=nE:-18;MT=Variable;PP=Any N-term;TA=E;MM=-18.01060	NT=Carbamidomethyl;MT=Fixed;PP=Anywhere;TA=C;MM=57.02146	40.0 ppm	1	lesSDRF v0.1.0
nanoPOTs_210904J_Ctrl_Day7_B3	Arabidopsis thaliana	leaf	seven weeks	1	not applicable	mesophyll	not applicable	not applicable	Ctrl-30%	nanoPOTS proteomics	NT=Trypsin/P;CS=(?<=[KR])	nanoPOTs_210904J_Ctrl_Day7_B3.raw	1	400.0 ppm	NT=Orbitrap Fusion Lumos;AC=MS:1002783	AC=MS:1002038;NT=label free sample	NT=Oxidation;MT=Variable;PP=Anywhere;TA=M;MM=15.99490	NT=Acetyl;MT=Variable;PP=Protein N-term;MM=42.01060	NT=nQnC:-17;MT=Variable;PP=Any N-term;TA=QC;MM=-17.02650	NT=nE:-18;MT=Variable;PP=Any N-term;TA=E;MM=-18.01060	NT=Carbamidomethyl;MT=Fixed;PP=Anywhere;TA=C;MM=57.02146	40.0 ppm	1	lesSDRF v0.1.0
nanoPOTs_210904J_Ctrl_Day7_B4	Arabidopsis thaliana	leaf	seven weeks	1	not applicable	mesophyll	not applicable	not applicable	Ctrl-30%	nanoPOTS proteomics	NT=Trypsin/P;CS=(?<=[KR])	nanoPOTs_210904J_Ctrl_Day7_B4.raw	1	400.0 ppm	NT=Orbitrap Fusion Lumos;AC=MS:1002784	AC=MS:1002038;NT=label free sample	NT=Oxidation;MT=Variable;PP=Anywhere;TA=M;MM=15.99490	NT=Acetyl;MT=Variable;PP=Protein N-term;MM=42.01060	NT=nQnC:-17;MT=Variable;PP=Any N-term;TA=QC;MM=-17.02650	NT=nE:-18;MT=Variable;PP=Any N-term;TA=E;MM=-18.01060	NT=Carbamidomethyl;MT=Fixed;PP=Anywhere;TA=C;MM=57.02146	40.0 ppm	1	lesSDRF v0.1.0
nanoPOTs_210904J_Ctrl_Day7_B5	Arabidopsis thaliana	leaf	seven weeks	1	not applicable	mesophyll	not applicable	not applicable	Ctrl-30%	nanoPOTS proteomics	NT=Trypsin/P;CS=(?<=[KR])	nanoPOTs_210904J_Ctrl_Day7_B5.raw	1	400.0 ppm	NT=Orbitrap Fusion Lumos;AC=MS:1002785	AC=MS:1002038;NT=label free sample	NT=Oxidation;MT=Variable;PP=Anywhere;TA=M;MM=15.99490	NT=Acetyl;MT=Variable;PP=Protein N-term;MM=42.01060	NT=nQnC:-17;MT=Variable;PP=Any N-term;TA=QC;MM=-17.02650	NT=nE:-18;MT=Variable;PP=Any N-term;TA=E;MM=-18.01060	NT=Carbamidomethyl;MT=Fixed;PP=Anywhere;TA=C;MM=57.02146	40.0 ppm	1	lesSDRF v0.1.0
nanoPOTs_210904J_Ctrl_Day7_B6	Arabidopsis thaliana	leaf	seven weeks	1	not applicable	mesophyll	not applicable	not applicable	Ctrl-30%	nanoPOTS proteomics	NT=Trypsin/P;CS=(?<=[KR])	nanoPOTs_210904J_Ctrl_Day7_B6.raw	1	400.0 ppm	NT=Orbitrap Fusion Lumos;AC=MS:1002786	AC=MS:1002038;NT=label free sample	NT=Oxidation;MT=Variable;PP=Anywhere;TA=M;MM=15.99490	NT=Acetyl;MT=Variable;PP=Protein N-term;MM=42.01060	NT=nQnC:-17;MT=Variable;PP=Any N-term;TA=QC;MM=-17.02650	NT=nE:-18;MT=Variable;PP=Any N-term;TA=E;MM=-18.01060	NT=Carbamidomethyl;MT=Fixed;PP=Anywhere;TA=C;MM=57.02146	40.0 ppm	1	lesSDRF v0.1.0
nanoPOTs_210904J_Ctrl_Day7_B7	Arabidopsis thaliana	leaf	seven weeks	1	not applicable	mesophyll	not applicable	not applicable	Ctrl-30%	nanoPOTS proteomics	NT=Trypsin/P;CS=(?<=[KR])	nanoPOTs_210904J_Ctrl_Day7_B7.raw	1	400.0 ppm	NT=Orbitrap Fusion Lumos;AC=MS:1002787	AC=MS:1002038;NT=label free sample	NT=Oxidation;MT=Variable;PP=Anywhere;TA=M;MM=15.99490	NT=Acetyl;MT=Variable;PP=Protein N-term;MM=42.01060	NT=nQnC:-17;MT=Variable;PP=Any N-term;TA=QC;MM=-17.02650	NT=nE:-18;MT=Variable;PP=Any N-term;TA=E;MM=-18.01060	NT=Carbamidomethyl;MT=Fixed;PP=Anywhere;TA=C;MM=57.02146	40.0 ppm	1	lesSDRF v0.1.0
nanoPOTs_210904J_Drgt_Day7_D1	Arabidopsis thaliana	leaf	seven weeks	1	not applicable	mesophyll	not applicable	not applicable	WD-30%	nanoPOTS proteomics	NT=Trypsin/P;CS=(?<=[KR])	nanoPOTs_210904J_Drgt_Day7_D1.raw	1	400.0 ppm	NT=Orbitrap Fusion Lumos;AC=MS:1002788	AC=MS:1002038;NT=label free sample	NT=Oxidation;MT=Variable;PP=Anywhere;TA=M;MM=15.99490	NT=Acetyl;MT=Variable;PP=Protein N-term;MM=42.01060	NT=nQnC:-17;MT=Variable;PP=Any N-term;TA=QC;MM=-17.02650	NT=nE:-18;MT=Variable;PP=Any N-term;TA=E;MM=-18.01060	NT=Carbamidomethyl;MT=Fixed;PP=Anywhere;TA=C;MM=57.02146	40.0 ppm	1	lesSDRF v0.1.0
nanoPOTs_210904J_Drgt_Day7_D12	Arabidopsis thaliana	leaf	seven weeks	1	not applicable	mesophyll	not applicable	not applicable	WD-30%	nanoPOTS proteomics	NT=Trypsin/P;CS=(?<=[KR])	nanoPOTs_210904J_Drgt_Day7_D12.raw	1	400.0 ppm	NT=Orbitrap Fusion Lumos;AC=MS:1002789	AC=MS:1002038;NT=label free sample	NT=Oxidation;MT=Variable;PP=Anywhere;TA=M;MM=15.99490	NT=Acetyl;MT=Variable;PP=Protein N-term;MM=42.01060	NT=nQnC:-17;MT=Variable;PP=Any N-term;TA=QC;MM=-17.02650	NT=nE:-18;MT=Variable;PP=Any N-term;TA=E;MM=-18.01060	NT=Carbamidomethyl;MT=Fixed;PP=Anywhere;TA=C;MM=57.02146	40.0 ppm	1	lesSDRF v0.1.0
nanoPOTs_210904J_Drgt_Day7_D2	Arabidopsis thaliana	leaf	seven weeks	1	not applicable	mesophyll	not applicable	not applicable	WD-30%	nanoPOTS proteomics	NT=Trypsin/P;CS=(?<=[KR])	nanoPOTs_210904J_Drgt_Day7_D2.raw	1	400.0 ppm	NT=Orbitrap Fusion Lumos;AC=MS:1002790	AC=MS:1002038;NT=label free sample	NT=Oxidation;MT=Variable;PP=Anywhere;TA=M;MM=15.99490	NT=Acetyl;MT=Variable;PP=Protein N-term;MM=42.01060	NT=nQnC:-17;MT=Variable;PP=Any N-term;TA=QC;MM=-17.02650	NT=nE:-18;MT=Variable;PP=Any N-term;TA=E;MM=-18.01060	NT=Carbamidomethyl;MT=Fixed;PP=Anywhere;TA=C;MM=57.02146	40.0 ppm	1	lesSDRF v0.1.0
nanoPOTs_210904J_Drgt_Day7_D8	Arabidopsis thaliana	leaf	seven weeks	1	not applicable	mesophyll	not applicable	not applicable	WD-30%	nanoPOTS proteomics	NT=Trypsin/P;CS=(?<=[KR])	nanoPOTs_210904J_Drgt_Day7_D8.raw	1	400.0 ppm	NT=Orbitrap Fusion Lumos;AC=MS:1002791	AC=MS:1002038;NT=label free sample	NT=Oxidation;MT=Variable;PP=Anywhere;TA=M;MM=15.99490	NT=Acetyl;MT=Variable;PP=Protein N-term;MM=42.01060	NT=nQnC:-17;MT=Variable;PP=Any N-term;TA=QC;MM=-17.02650	NT=nE:-18;MT=Variable;PP=Any N-term;TA=E;MM=-18.01060	NT=Carbamidomethyl;MT=Fixed;PP=Anywhere;TA=C;MM=57.02146	40.0 ppm	1	lesSDRF v0.1.0
nanoPOTs_210905J_Ctrl_Day0_A1	Arabidopsis thaliana	leaf	seven weeks	1	not applicable	mesophyll	not applicable	not applicable	Ctrl-50%	nanoPOTS proteomics	NT=Trypsin/P;CS=(?<=[KR])	nanoPOTs_210905J_Ctrl_Day0_A1.raw	1	400.0 ppm	NT=Orbitrap Fusion Lumos;AC=MS:1002792	AC=MS:1002038;NT=label free sample	NT=Oxidation;MT=Variable;PP=Anywhere;TA=M;MM=15.99490	NT=Acetyl;MT=Variable;PP=Protein N-term;MM=42.01060	NT=nQnC:-17;MT=Variable;PP=Any N-term;TA=QC;MM=-17.02650	NT=nE:-18;MT=Variable;PP=Any N-term;TA=E;MM=-18.01060	NT=Carbamidomethyl;MT=Fixed;PP=Anywhere;TA=C;MM=57.02146	40.0 ppm	1	lesSDRF v0.1.0
nanoPOTs_210905J_Ctrl_Day0_A10	Arabidopsis thaliana	leaf	seven weeks	1	not applicable	mesophyll	not applicable	not applicable	Ctrl-50%	nanoPOTS proteomics	NT=Trypsin/P;CS=(?<=[KR])	nanoPOTs_210905J_Ctrl_Day0_A10.raw	1	400.0 ppm	NT=Orbitrap Fusion Lumos;AC=MS:1002793	AC=MS:1002038;NT=label free sample	NT=Oxidation;MT=Variable;PP=Anywhere;TA=M;MM=15.99490	NT=Acetyl;MT=Variable;PP=Protein N-term;MM=42.01060	NT=nQnC:-17;MT=Variable;PP=Any N-term;TA=QC;MM=-17.02650	NT=nE:-18;MT=Variable;PP=Any N-term;TA=E;MM=-18.01060	NT=Carbamidomethyl;MT=Fixed;PP=Anywhere;TA=C;MM=57.02146	40.0 ppm	1	lesSDRF v0.1.0
nanoPOTs_210905J_Ctrl_Day0_A12	Arabidopsis thaliana	leaf	seven weeks	1	not applicable	mesophyll	not applicable	not applicable	Ctrl-50%	nanoPOTS proteomics	NT=Trypsin/P;CS=(?<=[KR])	nanoPOTs_210905J_Ctrl_Day0_A12.raw	1	400.0 ppm	NT=Orbitrap Fusion Lumos;AC=MS:1002794	AC=MS:1002038;NT=label free sample	NT=Oxidation;MT=Variable;PP=Anywhere;TA=M;MM=15.99490	NT=Acetyl;MT=Variable;PP=Protein N-term;MM=42.01060	NT=nQnC:-17;MT=Variable;PP=Any N-term;TA=QC;MM=-17.02650	NT=nE:-18;MT=Variable;PP=Any N-term;TA=E;MM=-18.01060	NT=Carbamidomethyl;MT=Fixed;PP=Anywhere;TA=C;MM=57.02146	40.0 ppm	1	lesSDRF v0.1.0
nanoPOTs_210905J_Ctrl_Day0_A3	Arabidopsis thaliana	leaf	seven weeks	1	not applicable	mesophyll	not applicable	not applicable	Ctrl-50%	nanoPOTS proteomics	NT=Trypsin/P;CS=(?<=[KR])	nanoPOTs_210905J_Ctrl_Day0_A3.raw	1	400.0 ppm	NT=Orbitrap Fusion Lumos;AC=MS:1002795	AC=MS:1002038;NT=label free sample	NT=Oxidation;MT=Variable;PP=Anywhere;TA=M;MM=15.99490	NT=Acetyl;MT=Variable;PP=Protein N-term;MM=42.01060	NT=nQnC:-17;MT=Variable;PP=Any N-term;TA=QC;MM=-17.02650	NT=nE:-18;MT=Variable;PP=Any N-term;TA=E;MM=-18.01060	NT=Carbamidomethyl;MT=Fixed;PP=Anywhere;TA=C;MM=57.02146	40.0 ppm	1	lesSDRF v0.1.0
nanoPOTs_210905J_Ctrl_Day0_A4	Arabidopsis thaliana	leaf	seven weeks	1	not applicable	mesophyll	not applicable	not applicable	Ctrl-50%	nanoPOTS proteomics	NT=Trypsin/P;CS=(?<=[KR])	nanoPOTs_210905J_Ctrl_Day0_A4.raw	1	400.0 ppm	NT=Orbitrap Fusion Lumos;AC=MS:1002796	AC=MS:1002038;NT=label free sample	NT=Oxidation;MT=Variable;PP=Anywhere;TA=M;MM=15.99490	NT=Acetyl;MT=Variable;PP=Protein N-term;MM=42.01060	NT=nQnC:-17;MT=Variable;PP=Any N-term;TA=QC;MM=-17.02650	NT=nE:-18;MT=Variable;PP=Any N-term;TA=E;MM=-18.01060	NT=Carbamidomethyl;MT=Fixed;PP=Anywhere;TA=C;MM=57.02146	40.0 ppm	1	lesSDRF v0.1.0
nanoPOTs_210905J_Ctrl_Day0_A5	Arabidopsis thaliana	leaf	seven weeks	1	not applicable	mesophyll	not applicable	not applicable	Ctrl-50%	nanoPOTS proteomics	NT=Trypsin/P;CS=(?<=[KR])	nanoPOTs_210905J_Ctrl_Day0_A5.raw	1	400.0 ppm	NT=Orbitrap Fusion Lumos;AC=MS:1002797	AC=MS:1002038;NT=label free sample	NT=Oxidation;MT=Variable;PP=Anywhere;TA=M;MM=15.99490	NT=Acetyl;MT=Variable;PP=Protein N-term;MM=42.01060	NT=nQnC:-17;MT=Variable;PP=Any N-term;TA=QC;MM=-17.02650	NT=nE:-18;MT=Variable;PP=Any N-term;TA=E;MM=-18.01060	NT=Carbamidomethyl;MT=Fixed;PP=Anywhere;TA=C;MM=57.02146	40.0 ppm	1	lesSDRF v0.1.0
nanoPOTs_210905J_Ctrl_Day0_A9	Arabidopsis thaliana	leaf	seven weeks	1	not applicable	mesophyll	not applicable	not applicable	Ctrl-50%	nanoPOTS proteomics	NT=Trypsin/P;CS=(?<=[KR])	nanoPOTs_210905J_Ctrl_Day0_A9.raw	1	400.0 ppm	NT=Orbitrap Fusion Lumos;AC=MS:1002798	AC=MS:1002038;NT=label free sample	NT=Oxidation;MT=Variable;PP=Anywhere;TA=M;MM=15.99490	NT=Acetyl;MT=Variable;PP=Protein N-term;MM=42.01060	NT=nQnC:-17;MT=Variable;PP=Any N-term;TA=QC;MM=-17.02650	NT=nE:-18;MT=Variable;PP=Any N-term;TA=E;MM=-18.01060	NT=Carbamidomethyl;MT=Fixed;PP=Anywhere;TA=C;MM=57.02146	40.0 ppm	1	lesSDRF v0.1.0
nanoPOTs_210905J_Ctrl_Day0_B1	Arabidopsis thaliana	leaf	seven weeks	1	not applicable	mesophyll	not applicable	not applicable	Ctrl-50%	nanoPOTS proteomics	NT=Trypsin/P;CS=(?<=[KR])	nanoPOTs_210905J_Ctrl_Day0_B1.raw	1	400.0 ppm	NT=Orbitrap Fusion Lumos;AC=MS:1002799	AC=MS:1002038;NT=label free sample	NT=Oxidation;MT=Variable;PP=Anywhere;TA=M;MM=15.99490	NT=Acetyl;MT=Variable;PP=Protein N-term;MM=42.01060	NT=nQnC:-17;MT=Variable;PP=Any N-term;TA=QC;MM=-17.02650	NT=nE:-18;MT=Variable;PP=Any N-term;TA=E;MM=-18.01060	NT=Carbamidomethyl;MT=Fixed;PP=Anywhere;TA=C;MM=57.02146	40.0 ppm	1	lesSDRF v0.1.0
nanoPOTs_210905J_Ctrl_Day0_B10	Arabidopsis thaliana	leaf	seven weeks	1	not applicable	mesophyll	not applicable	not applicable	Ctrl-50%	nanoPOTS proteomics	NT=Trypsin/P;CS=(?<=[KR])	nanoPOTs_210905J_Ctrl_Day0_B10.raw	1	400.0 ppm	NT=Orbitrap Fusion Lumos;AC=MS:1002800	AC=MS:1002038;NT=label free sample	NT=Oxidation;MT=Variable;PP=Anywhere;TA=M;MM=15.99490	NT=Acetyl;MT=Variable;PP=Protein N-term;MM=42.01060	NT=nQnC:-17;MT=Variable;PP=Any N-term;TA=QC;MM=-17.02650	NT=nE:-18;MT=Variable;PP=Any N-term;TA=E;MM=-18.01060	NT=Carbamidomethyl;MT=Fixed;PP=Anywhere;TA=C;MM=57.02146	40.0 ppm	1	lesSDRF v0.1.0
nanoPOTs_210905J_Ctrl_Day0_B11	Arabidopsis thaliana	leaf	seven weeks	1	not applicable	mesophyll	not applicable	not applicable	Ctrl-50%	nanoPOTS proteomics	NT=Trypsin/P;CS=(?<=[KR])	nanoPOTs_210905J_Ctrl_Day0_B11.raw	1	400.0 ppm	NT=Orbitrap Fusion Lumos;AC=MS:1002801	AC=MS:1002038;NT=label free sample	NT=Oxidation;MT=Variable;PP=Anywhere;TA=M;MM=15.99490	NT=Acetyl;MT=Variable;PP=Protein N-term;MM=42.01060	NT=nQnC:-17;MT=Variable;PP=Any N-term;TA=QC;MM=-17.02650	NT=nE:-18;MT=Variable;PP=Any N-term;TA=E;MM=-18.01060	NT=Carbamidomethyl;MT=Fixed;PP=Anywhere;TA=C;MM=57.02146	40.0 ppm	1	lesSDRF v0.1.0
nanoPOTs_210905J_Ctrl_Day0_B2	Arabidopsis thaliana	leaf	seven weeks	1	not applicable	mesophyll	not applicable	not applicable	Ctrl-50%	nanoPOTS proteomics	NT=Trypsin/P;CS=(?<=[KR])	nanoPOTs_210905J_Ctrl_Day0_B2.raw	1	400.0 ppm	NT=Orbitrap Fusion Lumos;AC=MS:1002802	AC=MS:1002038;NT=label free sample	NT=Oxidation;MT=Variable;PP=Anywhere;TA=M;MM=15.99490	NT=Acetyl;MT=Variable;PP=Protein N-term;MM=42.01060	NT=nQnC:-17;MT=Variable;PP=Any N-term;TA=QC;MM=-17.02650	NT=nE:-18;MT=Variable;PP=Any N-term;TA=E;MM=-18.01060	NT=Carbamidomethyl;MT=Fixed;PP=Anywhere;TA=C;MM=57.02146	40.0 ppm	1	lesSDRF v0.1.0
nanoPOTs_210905J_Ctrl_Day0_B3	Arabidopsis thaliana	leaf	seven weeks	1	not applicable	mesophyll	not applicable	not applicable	Ctrl-50%	nanoPOTS proteomics	NT=Trypsin/P;CS=(?<=[KR])	nanoPOTs_210905J_Ctrl_Day0_B3.raw	1	400.0 ppm	NT=Orbitrap Fusion Lumos;AC=MS:1002803	AC=MS:1002038;NT=label free sample	NT=Oxidation;MT=Variable;PP=Anywhere;TA=M;MM=15.99490	NT=Acetyl;MT=Variable;PP=Protein N-term;MM=42.01060	NT=nQnC:-17;MT=Variable;PP=Any N-term;TA=QC;MM=-17.02650	NT=nE:-18;MT=Variable;PP=Any N-term;TA=E;MM=-18.01060	NT=Carbamidomethyl;MT=Fixed;PP=Anywhere;TA=C;MM=57.02146	40.0 ppm	1	lesSDRF v0.1.0
nanoPOTs_210905J_Ctrl_Day0_B8	Arabidopsis thaliana	leaf	seven weeks	1	not applicable	mesophyll	not applicable	not applicable	Ctrl-50%	nanoPOTS proteomics	NT=Trypsin/P;CS=(?<=[KR])	nanoPOTs_210905J_Ctrl_Day0_B8.raw	1	400.0 ppm	NT=Orbitrap Fusion Lumos;AC=MS:1002804	AC=MS:1002038;NT=label free sample	NT=Oxidation;MT=Variable;PP=Anywhere;TA=M;MM=15.99490	NT=Acetyl;MT=Variable;PP=Protein N-term;MM=42.01060	NT=nQnC:-17;MT=Variable;PP=Any N-term;TA=QC;MM=-17.02650	NT=nE:-18;MT=Variable;PP=Any N-term;TA=E;MM=-18.01060	NT=Carbamidomethyl;MT=Fixed;PP=Anywhere;TA=C;MM=57.02146	40.0 ppm	1	lesSDRF v0.1.0
nanoPOTs_210905J_Ctrl_Day0_B9	Arabidopsis thaliana	leaf	seven weeks	1	not applicable	mesophyll	not applicable	not applicable	Ctrl-50%	nanoPOTS proteomics	NT=Trypsin/P;CS=(?<=[KR])	nanoPOTs_210905J_Ctrl_Day0_B9.raw	1	400.0 ppm	NT=Orbitrap Fusion Lumos;AC=MS:1002805	AC=MS:1002038;NT=label free sample	NT=Oxidation;MT=Variable;PP=Anywhere;TA=M;MM=15.99490	NT=Acetyl;MT=Variable;PP=Protein N-term;MM=42.01060	NT=nQnC:-17;MT=Variable;PP=Any N-term;TA=QC;MM=-17.02650	NT=nE:-18;MT=Variable;PP=Any N-term;TA=E;MM=-18.01060	NT=Carbamidomethyl;MT=Fixed;PP=Anywhere;TA=C;MM=57.02146	40.0 ppm	1	lesSDRF v0.1.0
nanoPOTs_210905J_Drgt_Day0_C11	Arabidopsis thaliana	leaf	seven weeks	1	not applicable	mesophyll	not applicable	not applicable	WD-50%	nanoPOTS proteomics	NT=Trypsin/P;CS=(?<=[KR])	nanoPOTs_210905J_Drgt_Day0_C11.raw	1	400.0 ppm	NT=Orbitrap Fusion Lumos;AC=MS:1002806	AC=MS:1002038;NT=label free sample	NT=Oxidation;MT=Variable;PP=Anywhere;TA=M;MM=15.99490	NT=Acetyl;MT=Variable;PP=Protein N-term;MM=42.01060	NT=nQnC:-17;MT=Variable;PP=Any N-term;TA=QC;MM=-17.02650	NT=nE:-18;MT=Variable;PP=Any N-term;TA=E;MM=-18.01060	NT=Carbamidomethyl;MT=Fixed;PP=Anywhere;TA=C;MM=57.02146	40.0 ppm	1	lesSDRF v0.1.0
nanoPOTs_210905J_Drgt_Day0_C12	Arabidopsis thaliana	leaf	seven weeks	1	not applicable	mesophyll	not applicable	not applicable	WD-50%	nanoPOTS proteomics	NT=Trypsin/P;CS=(?<=[KR])	nanoPOTs_210905J_Drgt_Day0_C12.raw	1	400.0 ppm	NT=Orbitrap Fusion Lumos;AC=MS:1002807	AC=MS:1002038;NT=label free sample	NT=Oxidation;MT=Variable;PP=Anywhere;TA=M;MM=15.99490	NT=Acetyl;MT=Variable;PP=Protein N-term;MM=42.01060	NT=nQnC:-17;MT=Variable;PP=Any N-term;TA=QC;MM=-17.02650	NT=nE:-18;MT=Variable;PP=Any N-term;TA=E;MM=-18.01060	NT=Carbamidomethyl;MT=Fixed;PP=Anywhere;TA=C;MM=57.02146	40.0 ppm	1	lesSDRF v0.1.0
nanoPOTs_210905J_Drgt_Day0_C2	Arabidopsis thaliana	leaf	seven weeks	1	not applicable	mesophyll	not applicable	not applicable	WD-50%	nanoPOTS proteomics	NT=Trypsin/P;CS=(?<=[KR])	nanoPOTs_210905J_Drgt_Day0_C2.raw	1	400.0 ppm	NT=Orbitrap Fusion Lumos;AC=MS:1002808	AC=MS:1002038;NT=label free sample	NT=Oxidation;MT=Variable;PP=Anywhere;TA=M;MM=15.99490	NT=Acetyl;MT=Variable;PP=Protein N-term;MM=42.01060	NT=nQnC:-17;MT=Variable;PP=Any N-term;TA=QC;MM=-17.02650	NT=nE:-18;MT=Variable;PP=Any N-term;TA=E;MM=-18.01060	NT=Carbamidomethyl;MT=Fixed;PP=Anywhere;TA=C;MM=57.02146	40.0 ppm	1	lesSDRF v0.1.0
nanoPOTs_210905J_Drgt_Day0_C3	Arabidopsis thaliana	leaf	seven weeks	1	not applicable	mesophyll	not applicable	not applicable	WD-50%	nanoPOTS proteomics	NT=Trypsin/P;CS=(?<=[KR])	nanoPOTs_210905J_Drgt_Day0_C3.raw	1	400.0 ppm	NT=Orbitrap Fusion Lumos;AC=MS:1002809	AC=MS:1002038;NT=label free sample	NT=Oxidation;MT=Variable;PP=Anywhere;TA=M;MM=15.99490	NT=Acetyl;MT=Variable;PP=Protein N-term;MM=42.01060	NT=nQnC:-17;MT=Variable;PP=Any N-term;TA=QC;MM=-17.02650	NT=nE:-18;MT=Variable;PP=Any N-term;TA=E;MM=-18.01060	NT=Carbamidomethyl;MT=Fixed;PP=Anywhere;TA=C;MM=57.02146	40.0 ppm	1	lesSDRF v0.1.0
nanoPOTs_210905J_Drgt_Day0_C4	Arabidopsis thaliana	leaf	seven weeks	1	not applicable	mesophyll	not applicable	not applicable	WD-50%	nanoPOTS proteomics	NT=Trypsin/P;CS=(?<=[KR])	nanoPOTs_210905J_Drgt_Day0_C4.raw	1	400.0 ppm	NT=Orbitrap Fusion Lumos;AC=MS:1002810	AC=MS:1002038;NT=label free sample	NT=Oxidation;MT=Variable;PP=Anywhere;TA=M;MM=15.99490	NT=Acetyl;MT=Variable;PP=Protein N-term;MM=42.01060	NT=nQnC:-17;MT=Variable;PP=Any N-term;TA=QC;MM=-17.02650	NT=nE:-18;MT=Variable;PP=Any N-term;TA=E;MM=-18.01060	NT=Carbamidomethyl;MT=Fixed;PP=Anywhere;TA=C;MM=57.02146	40.0 ppm	1	lesSDRF v0.1.0
nanoPOTs_210905J_Drgt_Day0_C5	Arabidopsis thaliana	leaf	seven weeks	1	not applicable	mesophyll	not applicable	not applicable	WD-50%	nanoPOTS proteomics	NT=Trypsin/P;CS=(?<=[KR])	nanoPOTs_210905J_Drgt_Day0_C5.raw	1	400.0 ppm	NT=Orbitrap Fusion Lumos;AC=MS:1002811	AC=MS:1002038;NT=label free sample	NT=Oxidation;MT=Variable;PP=Anywhere;TA=M;MM=15.99490	NT=Acetyl;MT=Variable;PP=Protein N-term;MM=42.01060	NT=nQnC:-17;MT=Variable;PP=Any N-term;TA=QC;MM=-17.02650	NT=nE:-18;MT=Variable;PP=Any N-term;TA=E;MM=-18.01060	NT=Carbamidomethyl;MT=Fixed;PP=Anywhere;TA=C;MM=57.02146	40.0 ppm	1	lesSDRF v0.1.0
nanoPOTs_210905J_Drgt_Day0_C6	Arabidopsis thaliana	leaf	seven weeks	1	not applicable	mesophyll	not applicable	not applicable	WD-50%	nanoPOTS proteomics	NT=Trypsin/P;CS=(?<=[KR])	nanoPOTs_210905J_Drgt_Day0_C6.raw	1	400.0 ppm	NT=Orbitrap Fusion Lumos;AC=MS:1002812	AC=MS:1002038;NT=label free sample	NT=Oxidation;MT=Variable;PP=Anywhere;TA=M;MM=15.99490	NT=Acetyl;MT=Variable;PP=Protein N-term;MM=42.01060	NT=nQnC:-17;MT=Variable;PP=Any N-term;TA=QC;MM=-17.02650	NT=nE:-18;MT=Variable;PP=Any N-term;TA=E;MM=-18.01060	NT=Carbamidomethyl;MT=Fixed;PP=Anywhere;TA=C;MM=57.02146	40.0 ppm	1	lesSDRF v0.1.0
nanoPOTs_210905J_Drgt_Day0_C7	Arabidopsis thaliana	leaf	seven weeks	1	not applicable	mesophyll	not applicable	not applicable	WD-50%	nanoPOTS proteomics	NT=Trypsin/P;CS=(?<=[KR])	nanoPOTs_210905J_Drgt_Day0_C7.raw	1	400.0 ppm	NT=Orbitrap Fusion Lumos;AC=MS:1002813	AC=MS:1002038;NT=label free sample	NT=Oxidation;MT=Variable;PP=Anywhere;TA=M;MM=15.99490	NT=Acetyl;MT=Variable;PP=Protein N-term;MM=42.01060	NT=nQnC:-17;MT=Variable;PP=Any N-term;TA=QC;MM=-17.02650	NT=nE:-18;MT=Variable;PP=Any N-term;TA=E;MM=-18.01060	NT=Carbamidomethyl;MT=Fixed;PP=Anywhere;TA=C;MM=57.02146	40.0 ppm	1	lesSDRF v0.1.0
nanoPOTs_210905J_Drgt_Day0_C8	Arabidopsis thaliana	leaf	seven weeks	1	not applicable	mesophyll	not applicable	not applicable	WD-50%	nanoPOTS proteomics	NT=Trypsin/P;CS=(?<=[KR])	nanoPOTs_210905J_Drgt_Day0_C8.raw	1	400.0 ppm	NT=Orbitrap Fusion Lumos;AC=MS:1002814	AC=MS:1002038;NT=label free sample	NT=Oxidation;MT=Variable;PP=Anywhere;TA=M;MM=15.99490	NT=Acetyl;MT=Variable;PP=Protein N-term;MM=42.01060	NT=nQnC:-17;MT=Variable;PP=Any N-term;TA=QC;MM=-17.02650	NT=nE:-18;MT=Variable;PP=Any N-term;TA=E;MM=-18.01060	NT=Carbamidomethyl;MT=Fixed;PP=Anywhere;TA=C;MM=57.02146	40.0 ppm	1	lesSDRF v0.1.0
nanoPOTs_210905J_Drgt_Day0_C9	Arabidopsis thaliana	leaf	seven weeks	1	not applicable	mesophyll	not applicable	not applicable	WD-50%	nanoPOTS proteomics	NT=Trypsin/P;CS=(?<=[KR])	nanoPOTs_210905J_Drgt_Day0_C9.raw	1	400.0 ppm	NT=Orbitrap Fusion Lumos;AC=MS:1002815	AC=MS:1002038;NT=label free sample	NT=Oxidation;MT=Variable;PP=Anywhere;TA=M;MM=15.99490	NT=Acetyl;MT=Variable;PP=Protein N-term;MM=42.01060	NT=nQnC:-17;MT=Variable;PP=Any N-term;TA=QC;MM=-17.02650	NT=nE:-18;MT=Variable;PP=Any N-term;TA=E;MM=-18.01060	NT=Carbamidomethyl;MT=Fixed;PP=Anywhere;TA=C;MM=57.02146	40.0 ppm	1	lesSDRF v0.1.0
nanoPOTs_210905J_Drgt_Day0_D10	Arabidopsis thaliana	leaf	seven weeks	1	not applicable	mesophyll	not applicable	not applicable	WD-50%	nanoPOTS proteomics	NT=Trypsin/P;CS=(?<=[KR])	nanoPOTs_210905J_Drgt_Day0_D10.raw	1	400.0 ppm	NT=Orbitrap Fusion Lumos;AC=MS:1002816	AC=MS:1002038;NT=label free sample	NT=Oxidation;MT=Variable;PP=Anywhere;TA=M;MM=15.99490	NT=Acetyl;MT=Variable;PP=Protein N-term;MM=42.01060	NT=nQnC:-17;MT=Variable;PP=Any N-term;TA=QC;MM=-17.02650	NT=nE:-18;MT=Variable;PP=Any N-term;TA=E;MM=-18.01060	NT=Carbamidomethyl;MT=Fixed;PP=Anywhere;TA=C;MM=57.02146	40.0 ppm	1	lesSDRF v0.1.0
nanoPOTs_210905J_Drgt_Day0_D3	Arabidopsis thaliana	leaf	seven weeks	1	not applicable	mesophyll	not applicable	not applicable	WD-50%	nanoPOTS proteomics	NT=Trypsin/P;CS=(?<=[KR])	nanoPOTs_210905J_Drgt_Day0_D3.raw	1	400.0 ppm	NT=Orbitrap Fusion Lumos;AC=MS:1002817	AC=MS:1002038;NT=label free sample	NT=Oxidation;MT=Variable;PP=Anywhere;TA=M;MM=15.99490	NT=Acetyl;MT=Variable;PP=Protein N-term;MM=42.01060	NT=nQnC:-17;MT=Variable;PP=Any N-term;TA=QC;MM=-17.02650	NT=nE:-18;MT=Variable;PP=Any N-term;TA=E;MM=-18.01060	NT=Carbamidomethyl;MT=Fixed;PP=Anywhere;TA=C;MM=57.02146	40.0 ppm	1	lesSDRF v0.1.0
nanoPOTs_210905J_Drgt_Day0_D5	Arabidopsis thaliana	leaf	seven weeks	1	not applicable	mesophyll	not applicable	not applicable	WD-50%	nanoPOTS proteomics	NT=Trypsin/P;CS=(?<=[KR])	nanoPOTs_210905J_Drgt_Day0_D5.raw	1	400.0 ppm	NT=Orbitrap Fusion Lumos;AC=MS:1002818	AC=MS:1002038;NT=label free sample	NT=Oxidation;MT=Variable;PP=Anywhere;TA=M;MM=15.99490	NT=Acetyl;MT=Variable;PP=Protein N-term;MM=42.01060	NT=nQnC:-17;MT=Variable;PP=Any N-term;TA=QC;MM=-17.02650	NT=nE:-18;MT=Variable;PP=Any N-term;TA=E;MM=-18.01060	NT=Carbamidomethyl;MT=Fixed;PP=Anywhere;TA=C;MM=57.02146	40.0 ppm	1	lesSDRF v0.1.0
nanoPOTs_210905J_Drgt_Day0_D6	Arabidopsis thaliana	leaf	seven weeks	1	not applicable	mesophyll	not applicable	not applicable	WD-50%	nanoPOTS proteomics	NT=Trypsin/P;CS=(?<=[KR])	nanoPOTs_210905J_Drgt_Day0_D6.raw	1	400.0 ppm	NT=Orbitrap Fusion Lumos;AC=MS:1002819	AC=MS:1002038;NT=label free sample	NT=Oxidation;MT=Variable;PP=Anywhere;TA=M;MM=15.99490	NT=Acetyl;MT=Variable;PP=Protein N-term;MM=42.01060	NT=nQnC:-17;MT=Variable;PP=Any N-term;TA=QC;MM=-17.02650	NT=nE:-18;MT=Variable;PP=Any N-term;TA=E;MM=-18.01060	NT=Carbamidomethyl;MT=Fixed;PP=Anywhere;TA=C;MM=57.02146	40.0 ppm	1	lesSDRF v0.1.0
nanoPOTs_210905J_Drgt_Day0_D8	Arabidopsis thaliana	leaf	seven weeks	1	not applicable	mesophyll	not applicable	not applicable	WD-50%	nanoPOTS proteomics	NT=Trypsin/P;CS=(?<=[KR])	nanoPOTs_210905J_Drgt_Day0_D8.raw	1	400.0 ppm	NT=Orbitrap Fusion Lumos;AC=MS:1002820	AC=MS:1002038;NT=label free sample	NT=Oxidation;MT=Variable;PP=Anywhere;TA=M;MM=15.99490	NT=Acetyl;MT=Variable;PP=Protein N-term;MM=42.01060	NT=nQnC:-17;MT=Variable;PP=Any N-term;TA=QC;MM=-17.02650	NT=nE:-18;MT=Variable;PP=Any N-term;TA=E;MM=-18.01060	NT=Carbamidomethyl;MT=Fixed;PP=Anywhere;TA=C;MM=57.02146	40.0 ppm	1	lesSDRF v0.1.0
nanoPOTs_210905J_Drgt_Day0_D9	Arabidopsis thaliana	leaf	seven weeks	1	not applicable	mesophyll	not applicable	not applicable	WD-50%	nanoPOTS proteomics	NT=Trypsin/P;CS=(?<=[KR])	nanoPOTs_210905J_Drgt_Day0_D9.raw	1	400.0 ppm	NT=Orbitrap Fusion Lumos;AC=MS:1002821	AC=MS:1002038;NT=label free sample	NT=Oxidation;MT=Variable;PP=Anywhere;TA=M;MM=15.99490	NT=Acetyl;MT=Variable;PP=Protein N-term;MM=42.01060	NT=nQnC:-17;MT=Variable;PP=Any N-term;TA=QC;MM=-17.02650	NT=nE:-18;MT=Variable;PP=Any N-term;TA=E;MM=-18.01060	NT=Carbamidomethyl;MT=Fixed;PP=Anywhere;TA=C;MM=57.02146	40.0 ppm	1	lesSDRF v0.1.0
nanoPOTs_210906J_Ctrl_Day0_A1	Arabidopsis thaliana	leaf	seven weeks	1	not applicable	mesophyll	not applicable	not applicable	Ctrl-50%	nanoPOTS proteomics	NT=Trypsin/P;CS=(?<=[KR])	nanoPOTs_210906J_Ctrl_Day0_A1.raw	1	400.0 ppm	NT=Orbitrap Fusion Lumos;AC=MS:1002822	AC=MS:1002038;NT=label free sample	NT=Oxidation;MT=Variable;PP=Anywhere;TA=M;MM=15.99490	NT=Acetyl;MT=Variable;PP=Protein N-term;MM=42.01060	NT=nQnC:-17;MT=Variable;PP=Any N-term;TA=QC;MM=-17.02650	NT=nE:-18;MT=Variable;PP=Any N-term;TA=E;MM=-18.01060	NT=Carbamidomethyl;MT=Fixed;PP=Anywhere;TA=C;MM=57.02146	40.0 ppm	1	lesSDRF v0.1.0
nanoPOTs_210906J_Ctrl_Day0_A10	Arabidopsis thaliana	leaf	seven weeks	1	not applicable	mesophyll	not applicable	not applicable	Ctrl-50%	nanoPOTS proteomics	NT=Trypsin/P;CS=(?<=[KR])	nanoPOTs_210906J_Ctrl_Day0_A10.raw	1	400.0 ppm	NT=Orbitrap Fusion Lumos;AC=MS:1002823	AC=MS:1002038;NT=label free sample	NT=Oxidation;MT=Variable;PP=Anywhere;TA=M;MM=15.99490	NT=Acetyl;MT=Variable;PP=Protein N-term;MM=42.01060	NT=nQnC:-17;MT=Variable;PP=Any N-term;TA=QC;MM=-17.02650	NT=nE:-18;MT=Variable;PP=Any N-term;TA=E;MM=-18.01060	NT=Carbamidomethyl;MT=Fixed;PP=Anywhere;TA=C;MM=57.02146	40.0 ppm	1	lesSDRF v0.1.0
nanoPOTs_210906J_Ctrl_Day0_A11	Arabidopsis thaliana	leaf	seven weeks	1	not applicable	mesophyll	not applicable	not applicable	Ctrl-50%	nanoPOTS proteomics	NT=Trypsin/P;CS=(?<=[KR])	nanoPOTs_210906J_Ctrl_Day0_A11.raw	1	400.0 ppm	NT=Orbitrap Fusion Lumos;AC=MS:1002824	AC=MS:1002038;NT=label free sample	NT=Oxidation;MT=Variable;PP=Anywhere;TA=M;MM=15.99490	NT=Acetyl;MT=Variable;PP=Protein N-term;MM=42.01060	NT=nQnC:-17;MT=Variable;PP=Any N-term;TA=QC;MM=-17.02650	NT=nE:-18;MT=Variable;PP=Any N-term;TA=E;MM=-18.01060	NT=Carbamidomethyl;MT=Fixed;PP=Anywhere;TA=C;MM=57.02146	40.0 ppm	1	lesSDRF v0.1.0
nanoPOTs_210906J_Ctrl_Day0_A12	Arabidopsis thaliana	leaf	seven weeks	1	not applicable	mesophyll	not applicable	not applicable	Ctrl-50%	nanoPOTS proteomics	NT=Trypsin/P;CS=(?<=[KR])	nanoPOTs_210906J_Ctrl_Day0_A12.raw	1	400.0 ppm	NT=Orbitrap Fusion Lumos;AC=MS:1002825	AC=MS:1002038;NT=label free sample	NT=Oxidation;MT=Variable;PP=Anywhere;TA=M;MM=15.99490	NT=Acetyl;MT=Variable;PP=Protein N-term;MM=42.01060	NT=nQnC:-17;MT=Variable;PP=Any N-term;TA=QC;MM=-17.02650	NT=nE:-18;MT=Variable;PP=Any N-term;TA=E;MM=-18.01060	NT=Carbamidomethyl;MT=Fixed;PP=Anywhere;TA=C;MM=57.02146	40.0 ppm	1	lesSDRF v0.1.0
nanoPOTs_210906J_Ctrl_Day0_A2	Arabidopsis thaliana	leaf	seven weeks	1	not applicable	mesophyll	not applicable	not applicable	Ctrl-50%	nanoPOTS proteomics	NT=Trypsin/P;CS=(?<=[KR])	nanoPOTs_210906J_Ctrl_Day0_A2.raw	1	400.0 ppm	NT=Orbitrap Fusion Lumos;AC=MS:1002826	AC=MS:1002038;NT=label free sample	NT=Oxidation;MT=Variable;PP=Anywhere;TA=M;MM=15.99490	NT=Acetyl;MT=Variable;PP=Protein N-term;MM=42.01060	NT=nQnC:-17;MT=Variable;PP=Any N-term;TA=QC;MM=-17.02650	NT=nE:-18;MT=Variable;PP=Any N-term;TA=E;MM=-18.01060	NT=Carbamidomethyl;MT=Fixed;PP=Anywhere;TA=C;MM=57.02146	40.0 ppm	1	lesSDRF v0.1.0
nanoPOTs_210906J_Ctrl_Day0_A4	Arabidopsis thaliana	leaf	seven weeks	1	not applicable	mesophyll	not applicable	not applicable	Ctrl-50%	nanoPOTS proteomics	NT=Trypsin/P;CS=(?<=[KR])	nanoPOTs_210906J_Ctrl_Day0_A4.raw	1	400.0 ppm	NT=Orbitrap Fusion Lumos;AC=MS:1002827	AC=MS:1002038;NT=label free sample	NT=Oxidation;MT=Variable;PP=Anywhere;TA=M;MM=15.99490	NT=Acetyl;MT=Variable;PP=Protein N-term;MM=42.01060	NT=nQnC:-17;MT=Variable;PP=Any N-term;TA=QC;MM=-17.02650	NT=nE:-18;MT=Variable;PP=Any N-term;TA=E;MM=-18.01060	NT=Carbamidomethyl;MT=Fixed;PP=Anywhere;TA=C;MM=57.02146	40.0 ppm	1	lesSDRF v0.1.0
nanoPOTs_210906J_Ctrl_Day0_A8	Arabidopsis thaliana	leaf	seven weeks	1	not applicable	mesophyll	not applicable	not applicable	Ctrl-50%	nanoPOTS proteomics	NT=Trypsin/P;CS=(?<=[KR])	nanoPOTs_210906J_Ctrl_Day0_A8.raw	1	400.0 ppm	NT=Orbitrap Fusion Lumos;AC=MS:1002828	AC=MS:1002038;NT=label free sample	NT=Oxidation;MT=Variable;PP=Anywhere;TA=M;MM=15.99490	NT=Acetyl;MT=Variable;PP=Protein N-term;MM=42.01060	NT=nQnC:-17;MT=Variable;PP=Any N-term;TA=QC;MM=-17.02650	NT=nE:-18;MT=Variable;PP=Any N-term;TA=E;MM=-18.01060	NT=Carbamidomethyl;MT=Fixed;PP=Anywhere;TA=C;MM=57.02146	40.0 ppm	1	lesSDRF v0.1.0
nanoPOTs_210906J_Ctrl_Day0_B10	Arabidopsis thaliana	leaf	seven weeks	1	not applicable	mesophyll	not applicable	not applicable	Ctrl-50%	nanoPOTS proteomics	NT=Trypsin/P;CS=(?<=[KR])	nanoPOTs_210906J_Ctrl_Day0_B10.raw	1	400.0 ppm	NT=Orbitrap Fusion Lumos;AC=MS:1002829	AC=MS:1002038;NT=label free sample	NT=Oxidation;MT=Variable;PP=Anywhere;TA=M;MM=15.99490	NT=Acetyl;MT=Variable;PP=Protein N-term;MM=42.01060	NT=nQnC:-17;MT=Variable;PP=Any N-term;TA=QC;MM=-17.02650	NT=nE:-18;MT=Variable;PP=Any N-term;TA=E;MM=-18.01060	NT=Carbamidomethyl;MT=Fixed;PP=Anywhere;TA=C;MM=57.02146	40.0 ppm	1	lesSDRF v0.1.0
nanoPOTs_210906J_Ctrl_Day0_B11	Arabidopsis thaliana	leaf	seven weeks	1	not applicable	mesophyll	not applicable	not applicable	Ctrl-50%	nanoPOTS proteomics	NT=Trypsin/P;CS=(?<=[KR])	nanoPOTs_210906J_Ctrl_Day0_B11.raw	1	400.0 ppm	NT=Orbitrap Fusion Lumos;AC=MS:1002830	AC=MS:1002038;NT=label free sample	NT=Oxidation;MT=Variable;PP=Anywhere;TA=M;MM=15.99490	NT=Acetyl;MT=Variable;PP=Protein N-term;MM=42.01060	NT=nQnC:-17;MT=Variable;PP=Any N-term;TA=QC;MM=-17.02650	NT=nE:-18;MT=Variable;PP=Any N-term;TA=E;MM=-18.01060	NT=Carbamidomethyl;MT=Fixed;PP=Anywhere;TA=C;MM=57.02146	40.0 ppm	1	lesSDRF v0.1.0
nanoPOTs_210906J_Ctrl_Day0_B2	Arabidopsis thaliana	leaf	seven weeks	1	not applicable	mesophyll	not applicable	not applicable	Ctrl-50%	nanoPOTS proteomics	NT=Trypsin/P;CS=(?<=[KR])	nanoPOTs_210906J_Ctrl_Day0_B2.raw	1	400.0 ppm	NT=Orbitrap Fusion Lumos;AC=MS:1002831	AC=MS:1002038;NT=label free sample	NT=Oxidation;MT=Variable;PP=Anywhere;TA=M;MM=15.99490	NT=Acetyl;MT=Variable;PP=Protein N-term;MM=42.01060	NT=nQnC:-17;MT=Variable;PP=Any N-term;TA=QC;MM=-17.02650	NT=nE:-18;MT=Variable;PP=Any N-term;TA=E;MM=-18.01060	NT=Carbamidomethyl;MT=Fixed;PP=Anywhere;TA=C;MM=57.02146	40.0 ppm	1	lesSDRF v0.1.0
nanoPOTs_210906J_Ctrl_Day0_B5	Arabidopsis thaliana	leaf	seven weeks	1	not applicable	mesophyll	not applicable	not applicable	Ctrl-50%	nanoPOTS proteomics	NT=Trypsin/P;CS=(?<=[KR])	nanoPOTs_210906J_Ctrl_Day0_B5.raw	1	400.0 ppm	NT=Orbitrap Fusion Lumos;AC=MS:1002832	AC=MS:1002038;NT=label free sample	NT=Oxidation;MT=Variable;PP=Anywhere;TA=M;MM=15.99490	NT=Acetyl;MT=Variable;PP=Protein N-term;MM=42.01060	NT=nQnC:-17;MT=Variable;PP=Any N-term;TA=QC;MM=-17.02650	NT=nE:-18;MT=Variable;PP=Any N-term;TA=E;MM=-18.01060	NT=Carbamidomethyl;MT=Fixed;PP=Anywhere;TA=C;MM=57.02146	40.0 ppm	1	lesSDRF v0.1.0
nanoPOTs_210906J_Ctrl_Day0_B6	Arabidopsis thaliana	leaf	seven weeks	1	not applicable	mesophyll	not applicable	not applicable	Ctrl-50%	nanoPOTS proteomics	NT=Trypsin/P;CS=(?<=[KR])	nanoPOTs_210906J_Ctrl_Day0_B6.raw	1	400.0 ppm	NT=Orbitrap Fusion Lumos;AC=MS:1002833	AC=MS:1002038;NT=label free sample	NT=Oxidation;MT=Variable;PP=Anywhere;TA=M;MM=15.99490	NT=Acetyl;MT=Variable;PP=Protein N-term;MM=42.01060	NT=nQnC:-17;MT=Variable;PP=Any N-term;TA=QC;MM=-17.02650	NT=nE:-18;MT=Variable;PP=Any N-term;TA=E;MM=-18.01060	NT=Carbamidomethyl;MT=Fixed;PP=Anywhere;TA=C;MM=57.02146	40.0 ppm	1	lesSDRF v0.1.0
nanoPOTs_210906J_Ctrl_Day0_B8	Arabidopsis thaliana	leaf	seven weeks	1	not applicable	mesophyll	not applicable	not applicable	Ctrl-50%	nanoPOTS proteomics	NT=Trypsin/P;CS=(?<=[KR])	nanoPOTs_210906J_Ctrl_Day0_B8.raw	1	400.0 ppm	NT=Orbitrap Fusion Lumos;AC=MS:1002834	AC=MS:1002038;NT=label free sample	NT=Oxidation;MT=Variable;PP=Anywhere;TA=M;MM=15.99490	NT=Acetyl;MT=Variable;PP=Protein N-term;MM=42.01060	NT=nQnC:-17;MT=Variable;PP=Any N-term;TA=QC;MM=-17.02650	NT=nE:-18;MT=Variable;PP=Any N-term;TA=E;MM=-18.01060	NT=Carbamidomethyl;MT=Fixed;PP=Anywhere;TA=C;MM=57.02146	40.0 ppm	1	lesSDRF v0.1.0
nanoPOTs_210906J_Ctrl_Day0_B9	Arabidopsis thaliana	leaf	seven weeks	1	not applicable	mesophyll	not applicable	not applicable	Ctrl-50%	nanoPOTS proteomics	NT=Trypsin/P;CS=(?<=[KR])	nanoPOTs_210906J_Ctrl_Day0_B9.raw	1	400.0 ppm	NT=Orbitrap Fusion Lumos;AC=MS:1002835	AC=MS:1002038;NT=label free sample	NT=Oxidation;MT=Variable;PP=Anywhere;TA=M;MM=15.99490	NT=Acetyl;MT=Variable;PP=Protein N-term;MM=42.01060	NT=nQnC:-17;MT=Variable;PP=Any N-term;TA=QC;MM=-17.02650	NT=nE:-18;MT=Variable;PP=Any N-term;TA=E;MM=-18.01060	NT=Carbamidomethyl;MT=Fixed;PP=Anywhere;TA=C;MM=57.02146	40.0 ppm	1	lesSDRF v0.1.0
nanoPOTs_210906J_Drgt_Day0_C10	Arabidopsis thaliana	leaf	seven weeks	1	not applicable	mesophyll	not applicable	not applicable	WD-50%	nanoPOTS proteomics	NT=Trypsin/P;CS=(?<=[KR])	nanoPOTs_210906J_Drgt_Day0_C10.raw	1	400.0 ppm	NT=Orbitrap Fusion Lumos;AC=MS:1002836	AC=MS:1002038;NT=label free sample	NT=Oxidation;MT=Variable;PP=Anywhere;TA=M;MM=15.99490	NT=Acetyl;MT=Variable;PP=Protein N-term;MM=42.01060	NT=nQnC:-17;MT=Variable;PP=Any N-term;TA=QC;MM=-17.02650	NT=nE:-18;MT=Variable;PP=Any N-term;TA=E;MM=-18.01060	NT=Carbamidomethyl;MT=Fixed;PP=Anywhere;TA=C;MM=57.02146	40.0 ppm	1	lesSDRF v0.1.0
nanoPOTs_210906J_Drgt_Day0_C11	Arabidopsis thaliana	leaf	seven weeks	1	not applicable	mesophyll	not applicable	not applicable	WD-50%	nanoPOTS proteomics	NT=Trypsin/P;CS=(?<=[KR])	nanoPOTs_210906J_Drgt_Day0_C11.raw	1	400.0 ppm	NT=Orbitrap Fusion Lumos;AC=MS:1002837	AC=MS:1002038;NT=label free sample	NT=Oxidation;MT=Variable;PP=Anywhere;TA=M;MM=15.99490	NT=Acetyl;MT=Variable;PP=Protein N-term;MM=42.01060	NT=nQnC:-17;MT=Variable;PP=Any N-term;TA=QC;MM=-17.02650	NT=nE:-18;MT=Variable;PP=Any N-term;TA=E;MM=-18.01060	NT=Carbamidomethyl;MT=Fixed;PP=Anywhere;TA=C;MM=57.02146	40.0 ppm	1	lesSDRF v0.1.0
nanoPOTs_210906J_Drgt_Day0_C12	Arabidopsis thaliana	leaf	seven weeks	1	not applicable	mesophyll	not applicable	not applicable	WD-50%	nanoPOTS proteomics	NT=Trypsin/P;CS=(?<=[KR])	nanoPOTs_210906J_Drgt_Day0_C12.raw	1	400.0 ppm	NT=Orbitrap Fusion Lumos;AC=MS:1002838	AC=MS:1002038;NT=label free sample	NT=Oxidation;MT=Variable;PP=Anywhere;TA=M;MM=15.99490	NT=Acetyl;MT=Variable;PP=Protein N-term;MM=42.01060	NT=nQnC:-17;MT=Variable;PP=Any N-term;TA=QC;MM=-17.02650	NT=nE:-18;MT=Variable;PP=Any N-term;TA=E;MM=-18.01060	NT=Carbamidomethyl;MT=Fixed;PP=Anywhere;TA=C;MM=57.02146	40.0 ppm	1	lesSDRF v0.1.0
nanoPOTs_210906J_Drgt_Day0_C2	Arabidopsis thaliana	leaf	seven weeks	1	not applicable	mesophyll	not applicable	not applicable	WD-50%	nanoPOTS proteomics	NT=Trypsin/P;CS=(?<=[KR])	nanoPOTs_210906J_Drgt_Day0_C2.raw	1	400.0 ppm	NT=Orbitrap Fusion Lumos;AC=MS:1002839	AC=MS:1002038;NT=label free sample	NT=Oxidation;MT=Variable;PP=Anywhere;TA=M;MM=15.99490	NT=Acetyl;MT=Variable;PP=Protein N-term;MM=42.01060	NT=nQnC:-17;MT=Variable;PP=Any N-term;TA=QC;MM=-17.02650	NT=nE:-18;MT=Variable;PP=Any N-term;TA=E;MM=-18.01060	NT=Carbamidomethyl;MT=Fixed;PP=Anywhere;TA=C;MM=57.02146	40.0 ppm	1	lesSDRF v0.1.0
nanoPOTs_210906J_Drgt_Day0_C3	Arabidopsis thaliana	leaf	seven weeks	1	not applicable	mesophyll	not applicable	not applicable	WD-50%	nanoPOTS proteomics	NT=Trypsin/P;CS=(?<=[KR])	nanoPOTs_210906J_Drgt_Day0_C3.raw	1	400.0 ppm	NT=Orbitrap Fusion Lumos;AC=MS:1002840	AC=MS:1002038;NT=label free sample	NT=Oxidation;MT=Variable;PP=Anywhere;TA=M;MM=15.99490	NT=Acetyl;MT=Variable;PP=Protein N-term;MM=42.01060	NT=nQnC:-17;MT=Variable;PP=Any N-term;TA=QC;MM=-17.02650	NT=nE:-18;MT=Variable;PP=Any N-term;TA=E;MM=-18.01060	NT=Carbamidomethyl;MT=Fixed;PP=Anywhere;TA=C;MM=57.02146	40.0 ppm	1	lesSDRF v0.1.0
nanoPOTs_210906J_Drgt_Day0_C4	Arabidopsis thaliana	leaf	seven weeks	1	not applicable	mesophyll	not applicable	not applicable	WD-50%	nanoPOTS proteomics	NT=Trypsin/P;CS=(?<=[KR])	nanoPOTs_210906J_Drgt_Day0_C4.raw	1	400.0 ppm	NT=Orbitrap Fusion Lumos;AC=MS:1002841	AC=MS:1002038;NT=label free sample	NT=Oxidation;MT=Variable;PP=Anywhere;TA=M;MM=15.99490	NT=Acetyl;MT=Variable;PP=Protein N-term;MM=42.01060	NT=nQnC:-17;MT=Variable;PP=Any N-term;TA=QC;MM=-17.02650	NT=nE:-18;MT=Variable;PP=Any N-term;TA=E;MM=-18.01060	NT=Carbamidomethyl;MT=Fixed;PP=Anywhere;TA=C;MM=57.02146	40.0 ppm	1	lesSDRF v0.1.0
nanoPOTs_210906J_Drgt_Day0_C5	Arabidopsis thaliana	leaf	seven weeks	1	not applicable	mesophyll	not applicable	not applicable	WD-50%	nanoPOTS proteomics	NT=Trypsin/P;CS=(?<=[KR])	nanoPOTs_210906J_Drgt_Day0_C5.raw	1	400.0 ppm	NT=Orbitrap Fusion Lumos;AC=MS:1002842	AC=MS:1002038;NT=label free sample	NT=Oxidation;MT=Variable;PP=Anywhere;TA=M;MM=15.99490	NT=Acetyl;MT=Variable;PP=Protein N-term;MM=42.01060	NT=nQnC:-17;MT=Variable;PP=Any N-term;TA=QC;MM=-17.02650	NT=nE:-18;MT=Variable;PP=Any N-term;TA=E;MM=-18.01060	NT=Carbamidomethyl;MT=Fixed;PP=Anywhere;TA=C;MM=57.02146	40.0 ppm	1	lesSDRF v0.1.0
nanoPOTs_210906J_Drgt_Day0_C8	Arabidopsis thaliana	leaf	seven weeks	1	not applicable	mesophyll	not applicable	not applicable	WD-50%	nanoPOTS proteomics	NT=Trypsin/P;CS=(?<=[KR])	nanoPOTs_210906J_Drgt_Day0_C8.raw	1	400.0 ppm	NT=Orbitrap Fusion Lumos;AC=MS:1002843	AC=MS:1002038;NT=label free sample	NT=Oxidation;MT=Variable;PP=Anywhere;TA=M;MM=15.99490	NT=Acetyl;MT=Variable;PP=Protein N-term;MM=42.01060	NT=nQnC:-17;MT=Variable;PP=Any N-term;TA=QC;MM=-17.02650	NT=nE:-18;MT=Variable;PP=Any N-term;TA=E;MM=-18.01060	NT=Carbamidomethyl;MT=Fixed;PP=Anywhere;TA=C;MM=57.02146	40.0 ppm	1	lesSDRF v0.1.0
nanoPOTs_210906J_Drgt_Day0_C9	Arabidopsis thaliana	leaf	seven weeks	1	not applicable	mesophyll	not applicable	not applicable	WD-50%	nanoPOTS proteomics	NT=Trypsin/P;CS=(?<=[KR])	nanoPOTs_210906J_Drgt_Day0_C9.raw	1	400.0 ppm	NT=Orbitrap Fusion Lumos;AC=MS:1002844	AC=MS:1002038;NT=label free sample	NT=Oxidation;MT=Variable;PP=Anywhere;TA=M;MM=15.99490	NT=Acetyl;MT=Variable;PP=Protein N-term;MM=42.01060	NT=nQnC:-17;MT=Variable;PP=Any N-term;TA=QC;MM=-17.02650	NT=nE:-18;MT=Variable;PP=Any N-term;TA=E;MM=-18.01060	NT=Carbamidomethyl;MT=Fixed;PP=Anywhere;TA=C;MM=57.02146	40.0 ppm	1	lesSDRF v0.1.0
nanoPOTs_210906J_Drgt_Day0_D10	Arabidopsis thaliana	leaf	seven weeks	1	not applicable	mesophyll	not applicable	not applicable	WD-50%	nanoPOTS proteomics	NT=Trypsin/P;CS=(?<=[KR])	nanoPOTs_210906J_Drgt_Day0_D10.raw	1	400.0 ppm	NT=Orbitrap Fusion Lumos;AC=MS:1002845	AC=MS:1002038;NT=label free sample	NT=Oxidation;MT=Variable;PP=Anywhere;TA=M;MM=15.99490	NT=Acetyl;MT=Variable;PP=Protein N-term;MM=42.01060	NT=nQnC:-17;MT=Variable;PP=Any N-term;TA=QC;MM=-17.02650	NT=nE:-18;MT=Variable;PP=Any N-term;TA=E;MM=-18.01060	NT=Carbamidomethyl;MT=Fixed;PP=Anywhere;TA=C;MM=57.02146	40.0 ppm	1	lesSDRF v0.1.0
nanoPOTs_210906J_Drgt_Day0_D11	Arabidopsis thaliana	leaf	seven weeks	1	not applicable	mesophyll	not applicable	not applicable	WD-50%	nanoPOTS proteomics	NT=Trypsin/P;CS=(?<=[KR])	nanoPOTs_210906J_Drgt_Day0_D11.raw	1	400.0 ppm	NT=Orbitrap Fusion Lumos;AC=MS:1002846	AC=MS:1002038;NT=label free sample	NT=Oxidation;MT=Variable;PP=Anywhere;TA=M;MM=15.99490	NT=Acetyl;MT=Variable;PP=Protein N-term;MM=42.01060	NT=nQnC:-17;MT=Variable;PP=Any N-term;TA=QC;MM=-17.02650	NT=nE:-18;MT=Variable;PP=Any N-term;TA=E;MM=-18.01060	NT=Carbamidomethyl;MT=Fixed;PP=Anywhere;TA=C;MM=57.02146	40.0 ppm	1	lesSDRF v0.1.0
nanoPOTs_210906J_Drgt_Day0_D4	Arabidopsis thaliana	leaf	seven weeks	1	not applicable	mesophyll	not applicable	not applicable	WD-50%	nanoPOTS proteomics	NT=Trypsin/P;CS=(?<=[KR])	nanoPOTs_210906J_Drgt_Day0_D4.raw	1	400.0 ppm	NT=Orbitrap Fusion Lumos;AC=MS:1002847	AC=MS:1002038;NT=label free sample	NT=Oxidation;MT=Variable;PP=Anywhere;TA=M;MM=15.99490	NT=Acetyl;MT=Variable;PP=Protein N-term;MM=42.01060	NT=nQnC:-17;MT=Variable;PP=Any N-term;TA=QC;MM=-17.02650	NT=nE:-18;MT=Variable;PP=Any N-term;TA=E;MM=-18.01060	NT=Carbamidomethyl;MT=Fixed;PP=Anywhere;TA=C;MM=57.02146	40.0 ppm	1	lesSDRF v0.1.0
nanoPOTs_210906J_Drgt_Day0_D8	Arabidopsis thaliana	leaf	seven weeks	1	not applicable	mesophyll	not applicable	not applicable	WD-50%	nanoPOTS proteomics	NT=Trypsin/P;CS=(?<=[KR])	nanoPOTs_210906J_Drgt_Day0_D8.raw	1	400.0 ppm	NT=Orbitrap Fusion Lumos;AC=MS:1002848	AC=MS:1002038;NT=label free sample	NT=Oxidation;MT=Variable;PP=Anywhere;TA=M;MM=15.99490	NT=Acetyl;MT=Variable;PP=Protein N-term;MM=42.01060	NT=nQnC:-17;MT=Variable;PP=Any N-term;TA=QC;MM=-17.02650	NT=nE:-18;MT=Variable;PP=Any N-term;TA=E;MM=-18.01060	NT=Carbamidomethyl;MT=Fixed;PP=Anywhere;TA=C;MM=57.02146	40.0 ppm	1	lesSDRF v0.1.0
nanoPOTs_Library_Ctrl_Day0_B4	Arabidopsis thaliana	leaf	seven weeks	1	not applicable	mesophyll	not applicable	not applicable	Library	nanoPOTS proteomics	NT=Trypsin/P;CS=(?<=[KR])	nanoPOTs_Library_Ctrl_Day0_B4.raw	1	400.0 ppm	NT=Orbitrap Fusion Lumos;AC=MS:1002849	AC=MS:1002038;NT=label free sample	NT=Oxidation;MT=Variable;PP=Anywhere;TA=M;MM=15.99490	NT=Acetyl;MT=Variable;PP=Protein N-term;MM=42.01060	NT=nQnC:-17;MT=Variable;PP=Any N-term;TA=QC;MM=-17.02650	NT=nE:-18;MT=Variable;PP=Any N-term;TA=E;MM=-18.01060	NT=Carbamidomethyl;MT=Fixed;PP=Anywhere;TA=C;MM=57.02146	40.0 ppm	10	lesSDRF v0.1.0
nanoPOTs_Library_Ctrl_Day0_B5	Arabidopsis thaliana	leaf	seven weeks	1	not applicable	mesophyll	not applicable	not applicable	Library	nanoPOTS proteomics	NT=Trypsin/P;CS=(?<=[KR])	nanoPOTs_Library_Ctrl_Day0_B5.raw	1	400.0 ppm	NT=Orbitrap Fusion Lumos;AC=MS:1002850	AC=MS:1002038;NT=label free sample	NT=Oxidation;MT=Variable;PP=Anywhere;TA=M;MM=15.99490	NT=Acetyl;MT=Variable;PP=Protein N-term;MM=42.01060	NT=nQnC:-17;MT=Variable;PP=Any N-term;TA=QC;MM=-17.02650	NT=nE:-18;MT=Variable;PP=Any N-term;TA=E;MM=-18.01060	NT=Carbamidomethyl;MT=Fixed;PP=Anywhere;TA=C;MM=57.02146	40.0 ppm	11	lesSDRF v0.1.0
nanoPOTs_Library_Ctrl_Day0_B6	Arabidopsis thaliana	leaf	seven weeks	1	not applicable	mesophyll	not applicable	not applicable	Library	nanoPOTS proteomics	NT=Trypsin/P;CS=(?<=[KR])	nanoPOTs_Library_Ctrl_Day0_B6.raw	1	400.0 ppm	NT=Orbitrap Fusion Lumos;AC=MS:1002851	AC=MS:1002038;NT=label free sample	NT=Oxidation;MT=Variable;PP=Anywhere;TA=M;MM=15.99490	NT=Acetyl;MT=Variable;PP=Protein N-term;MM=42.01060	NT=nQnC:-17;MT=Variable;PP=Any N-term;TA=QC;MM=-17.02650	NT=nE:-18;MT=Variable;PP=Any N-term;TA=E;MM=-18.01060	NT=Carbamidomethyl;MT=Fixed;PP=Anywhere;TA=C;MM=57.02146	40.0 ppm	12	lesSDRF v0.1.0
nanoPOTs_Library_Ctrl_Day0_C4	Arabidopsis thaliana	leaf	seven weeks	1	not applicable	mesophyll	not applicable	not applicable	Library	nanoPOTS proteomics	NT=Trypsin/P;CS=(?<=[KR])	nanoPOTs_Library_Ctrl_Day0_C4.raw	1	400.0 ppm	NT=Orbitrap Fusion Lumos;AC=MS:1002852	AC=MS:1002038;NT=label free sample	NT=Oxidation;MT=Variable;PP=Anywhere;TA=M;MM=15.99490	NT=Acetyl;MT=Variable;PP=Protein N-term;MM=42.01060	NT=nQnC:-17;MT=Variable;PP=Any N-term;TA=QC;MM=-17.02650	NT=nE:-18;MT=Variable;PP=Any N-term;TA=E;MM=-18.01060	NT=Carbamidomethyl;MT=Fixed;PP=Anywhere;TA=C;MM=57.02146	40.0 ppm	13	lesSDRF v0.1.0
nanoPOTs_Library_Ctrl_Day0_C6	Arabidopsis thaliana	leaf	seven weeks	1	not applicable	mesophyll	not applicable	not applicable	Library	nanoPOTS proteomics	NT=Trypsin/P;CS=(?<=[KR])	nanoPOTs_Library_Ctrl_Day0_C6.raw	1	400.0 ppm	NT=Orbitrap Fusion Lumos;AC=MS:1002853	AC=MS:1002038;NT=label free sample	NT=Oxidation;MT=Variable;PP=Anywhere;TA=M;MM=15.99490	NT=Acetyl;MT=Variable;PP=Protein N-term;MM=42.01060	NT=nQnC:-17;MT=Variable;PP=Any N-term;TA=QC;MM=-17.02650	NT=nE:-18;MT=Variable;PP=Any N-term;TA=E;MM=-18.01060	NT=Carbamidomethyl;MT=Fixed;PP=Anywhere;TA=C;MM=57.02146	40.0 ppm	14	lesSDRF v0.1.0
nanoPOTs_Library_Ctrl_Day0_C9	Arabidopsis thaliana	leaf	seven weeks	1	not applicable	mesophyll	not applicable	not applicable	Library	nanoPOTS proteomics	NT=Trypsin/P;CS=(?<=[KR])	nanoPOTs_Library_Ctrl_Day0_C9.raw	1	400.0 ppm	NT=Orbitrap Fusion Lumos;AC=MS:1002854	AC=MS:1002038;NT=label free sample	NT=Oxidation;MT=Variable;PP=Anywhere;TA=M;MM=15.99490	NT=Acetyl;MT=Variable;PP=Protein N-term;MM=42.01060	NT=nQnC:-17;MT=Variable;PP=Any N-term;TA=QC;MM=-17.02650	NT=nE:-18;MT=Variable;PP=Any N-term;TA=E;MM=-18.01060	NT=Carbamidomethyl;MT=Fixed;PP=Anywhere;TA=C;MM=57.02146	40.0 ppm	15	lesSDRF v0.1.0
nanoPOTs_Library_Ctrl_Day7_B4	Arabidopsis thaliana	leaf	seven weeks	1	not applicable	mesophyll	not applicable	not applicable	Library	nanoPOTS proteomics	NT=Trypsin/P;CS=(?<=[KR])	nanoPOTs_Library_Ctrl_Day7_B4.raw	1	400.0 ppm	NT=Orbitrap Fusion Lumos;AC=MS:1002855	AC=MS:1002038;NT=label free sample	NT=Oxidation;MT=Variable;PP=Anywhere;TA=M;MM=15.99490	NT=Acetyl;MT=Variable;PP=Protein N-term;MM=42.01060	NT=nQnC:-17;MT=Variable;PP=Any N-term;TA=QC;MM=-17.02650	NT=nE:-18;MT=Variable;PP=Any N-term;TA=E;MM=-18.01060	NT=Carbamidomethyl;MT=Fixed;PP=Anywhere;TA=C;MM=57.02146	40.0 ppm	16	lesSDRF v0.1.0
nanoPOTs_Library_Ctrl_Day7_C8	Arabidopsis thaliana	leaf	seven weeks	1	not applicable	mesophyll	not applicable	not applicable	Library	nanoPOTS proteomics	NT=Trypsin/P;CS=(?<=[KR])	nanoPOTs_Library_Ctrl_Day7_C8.raw	1	400.0 ppm	NT=Orbitrap Fusion Lumos;AC=MS:1002856	AC=MS:1002038;NT=label free sample	NT=Oxidation;MT=Variable;PP=Anywhere;TA=M;MM=15.99490	NT=Acetyl;MT=Variable;PP=Protein N-term;MM=42.01060	NT=nQnC:-17;MT=Variable;PP=Any N-term;TA=QC;MM=-17.02650	NT=nE:-18;MT=Variable;PP=Any N-term;TA=E;MM=-18.01060	NT=Carbamidomethyl;MT=Fixed;PP=Anywhere;TA=C;MM=57.02146	40.0 ppm	17	lesSDRF v0.1.0
nanoPOTs_Library_Ctrl_Day7_C9	Arabidopsis thaliana	leaf	seven weeks	1	not applicable	mesophyll	not applicable	not applicable	Library	nanoPOTS proteomics	NT=Trypsin/P;CS=(?<=[KR])	nanoPOTs_Library_Ctrl_Day7_C9.raw	1	400.0 ppm	NT=Orbitrap Fusion Lumos;AC=MS:1002857	AC=MS:1002038;NT=label free sample	NT=Oxidation;MT=Variable;PP=Anywhere;TA=M;MM=15.99490	NT=Acetyl;MT=Variable;PP=Protein N-term;MM=42.01060	NT=nQnC:-17;MT=Variable;PP=Any N-term;TA=QC;MM=-17.02650	NT=nE:-18;MT=Variable;PP=Any N-term;TA=E;MM=-18.01060	NT=Carbamidomethyl;MT=Fixed;PP=Anywhere;TA=C;MM=57.02146	40.0 ppm	18	lesSDRF v0.1.0
nanoPOTs_Library_Ctrl_Day7_D4	Arabidopsis thaliana	leaf	seven weeks	1	not applicable	mesophyll	not applicable	not applicable	Library	nanoPOTS proteomics	NT=Trypsin/P;CS=(?<=[KR])	nanoPOTs_Library_Ctrl_Day7_D4.raw	1	400.0 ppm	NT=Orbitrap Fusion Lumos;AC=MS:1002858	AC=MS:1002038;NT=label free sample	NT=Oxidation;MT=Variable;PP=Anywhere;TA=M;MM=15.99490	NT=Acetyl;MT=Variable;PP=Protein N-term;MM=42.01060	NT=nQnC:-17;MT=Variable;PP=Any N-term;TA=QC;MM=-17.02650	NT=nE:-18;MT=Variable;PP=Any N-term;TA=E;MM=-18.01060	NT=Carbamidomethyl;MT=Fixed;PP=Anywhere;TA=C;MM=57.02146	40.0 ppm	19	lesSDRF v0.1.0
nanoPOTs_Library_Ctrl_Day7_D8	Arabidopsis thaliana	leaf	seven weeks	1	not applicable	mesophyll	not applicable	not applicable	Library	nanoPOTS proteomics	NT=Trypsin/P;CS=(?<=[KR])	nanoPOTs_Library_Ctrl_Day7_D8.raw	1	400.0 ppm	NT=Orbitrap Fusion Lumos;AC=MS:1002859	AC=MS:1002038;NT=label free sample	NT=Oxidation;MT=Variable;PP=Anywhere;TA=M;MM=15.99490	NT=Acetyl;MT=Variable;PP=Protein N-term;MM=42.01060	NT=nQnC:-17;MT=Variable;PP=Any N-term;TA=QC;MM=-17.02650	NT=nE:-18;MT=Variable;PP=Any N-term;TA=E;MM=-18.01060	NT=Carbamidomethyl;MT=Fixed;PP=Anywhere;TA=C;MM=57.02146	40.0 ppm	20	lesSDRF v0.1.0
nanoPOTs_Library_Ctrl_Day7_D9	Arabidopsis thaliana	leaf	seven weeks	1	not applicable	mesophyll	not applicable	not applicable	Library	nanoPOTS proteomics	NT=Trypsin/P;CS=(?<=[KR])	nanoPOTs_Library_Ctrl_Day7_D9.raw	1	400.0 ppm	NT=Orbitrap Fusion Lumos;AC=MS:1002860	AC=MS:1002038;NT=label free sample	NT=Oxidation;MT=Variable;PP=Anywhere;TA=M;MM=15.99490	NT=Acetyl;MT=Variable;PP=Protein N-term;MM=42.01060	NT=nQnC:-17;MT=Variable;PP=Any N-term;TA=QC;MM=-17.02650	NT=nE:-18;MT=Variable;PP=Any N-term;TA=E;MM=-18.01060	NT=Carbamidomethyl;MT=Fixed;PP=Anywhere;TA=C;MM=57.02146	40.0 ppm	21	lesSDRF v0.1.0
nanoPOTs_Library_Drgt_Day0_D4	Arabidopsis thaliana	leaf	seven weeks	1	not applicable	mesophyll	not applicable	not applicable	Library	nanoPOTS proteomics	NT=Trypsin/P;CS=(?<=[KR])	nanoPOTs_Library_Drgt_Day0_D4.raw	1	400.0 ppm	NT=Orbitrap Fusion Lumos;AC=MS:1002861	AC=MS:1002038;NT=label free sample	NT=Oxidation;MT=Variable;PP=Anywhere;TA=M;MM=15.99490	NT=Acetyl;MT=Variable;PP=Protein N-term;MM=42.01060	NT=nQnC:-17;MT=Variable;PP=Any N-term;TA=QC;MM=-17.02650	NT=nE:-18;MT=Variable;PP=Any N-term;TA=E;MM=-18.01060	NT=Carbamidomethyl;MT=Fixed;PP=Anywhere;TA=C;MM=57.02146	40.0 ppm	22	lesSDRF v0.1.0
nanoPOTs_Library_Drgt_Day0_D5	Arabidopsis thaliana	leaf	seven weeks	1	not applicable	mesophyll	not applicable	not applicable	Library	nanoPOTS proteomics	NT=Trypsin/P;CS=(?<=[KR])	nanoPOTs_Library_Drgt_Day0_D5.raw	1	400.0 ppm	NT=Orbitrap Fusion Lumos;AC=MS:1002862	AC=MS:1002038;NT=label free sample	NT=Oxidation;MT=Variable;PP=Anywhere;TA=M;MM=15.99490	NT=Acetyl;MT=Variable;PP=Protein N-term;MM=42.01060	NT=nQnC:-17;MT=Variable;PP=Any N-term;TA=QC;MM=-17.02650	NT=nE:-18;MT=Variable;PP=Any N-term;TA=E;MM=-18.01060	NT=Carbamidomethyl;MT=Fixed;PP=Anywhere;TA=C;MM=57.02146	40.0 ppm	23	lesSDRF v0.1.0
nanoPOTs_Library_Drgt_Day0_D6	Arabidopsis thaliana	leaf	seven weeks	1	not applicable	mesophyll	not applicable	not applicable	Library	nanoPOTS proteomics	NT=Trypsin/P;CS=(?<=[KR])	nanoPOTs_Library_Drgt_Day0_D6.raw	1	400.0 ppm	NT=Orbitrap Fusion Lumos;AC=MS:1002863	AC=MS:1002038;NT=label free sample	NT=Oxidation;MT=Variable;PP=Anywhere;TA=M;MM=15.99490	NT=Acetyl;MT=Variable;PP=Protein N-term;MM=42.01060	NT=nQnC:-17;MT=Variable;PP=Any N-term;TA=QC;MM=-17.02650	NT=nE:-18;MT=Variable;PP=Any N-term;TA=E;MM=-18.01060	NT=Carbamidomethyl;MT=Fixed;PP=Anywhere;TA=C;MM=57.02146	40.0 ppm	24	lesSDRF v0.1.0
nanoPOTs_Library_Drgt_Day0_D7	Arabidopsis thaliana	leaf	seven weeks	1	not applicable	mesophyll	not applicable	not applicable	Library	nanoPOTS proteomics	NT=Trypsin/P;CS=(?<=[KR])	nanoPOTs_Library_Drgt_Day0_D7.raw	1	400.0 ppm	NT=Orbitrap Fusion Lumos;AC=MS:1002864	AC=MS:1002038;NT=label free sample	NT=Oxidation;MT=Variable;PP=Anywhere;TA=M;MM=15.99490	NT=Acetyl;MT=Variable;PP=Protein N-term;MM=42.01060	NT=nQnC:-17;MT=Variable;PP=Any N-term;TA=QC;MM=-17.02650	NT=nE:-18;MT=Variable;PP=Any N-term;TA=E;MM=-18.01060	NT=Carbamidomethyl;MT=Fixed;PP=Anywhere;TA=C;MM=57.02146	40.0 ppm	25	lesSDRF v0.1.0
nanoPOTs_Library_Drgt_Day0_D8	Arabidopsis thaliana	leaf	seven weeks	1	not applicable	mesophyll	not applicable	not applicable	Library	nanoPOTS proteomics	NT=Trypsin/P;CS=(?<=[KR])	nanoPOTs_Library_Drgt_Day0_D8.raw	1	400.0 ppm	NT=Orbitrap Fusion Lumos;AC=MS:1002865	AC=MS:1002038;NT=label free sample	NT=Oxidation;MT=Variable;PP=Anywhere;TA=M;MM=15.99490	NT=Acetyl;MT=Variable;PP=Protein N-term;MM=42.01060	NT=nQnC:-17;MT=Variable;PP=Any N-term;TA=QC;MM=-17.02650	NT=nE:-18;MT=Variable;PP=Any N-term;TA=E;MM=-18.01060	NT=Carbamidomethyl;MT=Fixed;PP=Anywhere;TA=C;MM=57.02146	40.0 ppm	26	lesSDRF v0.1.0
nanoPOTs_Library_Drgt_Day0_D9	Arabidopsis thaliana	leaf	seven weeks	1	not applicable	mesophyll	not applicable	not applicable	Library	nanoPOTS proteomics	NT=Trypsin/P;CS=(?<=[KR])	nanoPOTs_Library_Drgt_Day0_D9.raw	1	400.0 ppm	NT=Orbitrap Fusion Lumos;AC=MS:1002866	AC=MS:1002038;NT=label free sample	NT=Oxidation;MT=Variable;PP=Anywhere;TA=M;MM=15.99490	NT=Acetyl;MT=Variable;PP=Protein N-term;MM=42.01060	NT=nQnC:-17;MT=Variable;PP=Any N-term;TA=QC;MM=-17.02650	NT=nE:-18;MT=Variable;PP=Any N-term;TA=E;MM=-18.01060	NT=Carbamidomethyl;MT=Fixed;PP=Anywhere;TA=C;MM=57.02146	40.0 ppm	27	lesSDRF v0.1.0
nanoPOTs_Protoplasts_10cell_A10	Arabidopsis thaliana	leaf	seven weeks	1	not applicable	mesophyll	not applicable	not applicable	10cell	nanoPOTS proteomics	NT=Trypsin/P;CS=(?<=[KR])	nanoPOTs_Protoplasts_10cell_A10.raw	1	400.0 ppm	NT=Orbitrap Fusion Lumos;AC=MS:1002867	AC=MS:1002038;NT=label free sample	NT=Oxidation;MT=Variable;PP=Anywhere;TA=M;MM=15.99490	NT=Acetyl;MT=Variable;PP=Protein N-term;MM=42.01060	NT=nQnC:-17;MT=Variable;PP=Any N-term;TA=QC;MM=-17.02650	NT=nE:-18;MT=Variable;PP=Any N-term;TA=E;MM=-18.01060	NT=Carbamidomethyl;MT=Fixed;PP=Anywhere;TA=C;MM=57.02146	40.0 ppm	1	lesSDRF v0.1.0
nanoPOTs_Protoplasts_10cell_A11	Arabidopsis thaliana	leaf	seven weeks	1	not applicable	mesophyll	not applicable	not applicable	10cell	nanoPOTS proteomics	NT=Trypsin/P;CS=(?<=[KR])	nanoPOTs_Protoplasts_10cell_A11.raw	1	400.0 ppm	NT=Orbitrap Fusion Lumos;AC=MS:1002868	AC=MS:1002038;NT=label free sample	NT=Oxidation;MT=Variable;PP=Anywhere;TA=M;MM=15.99490	NT=Acetyl;MT=Variable;PP=Protein N-term;MM=42.01060	NT=nQnC:-17;MT=Variable;PP=Any N-term;TA=QC;MM=-17.02650	NT=nE:-18;MT=Variable;PP=Any N-term;TA=E;MM=-18.01060	NT=Carbamidomethyl;MT=Fixed;PP=Anywhere;TA=C;MM=57.02146	40.0 ppm	1	lesSDRF v0.1.0
nanoPOTs_Protoplasts_10cell_A12	Arabidopsis thaliana	leaf	seven weeks	1	not applicable	mesophyll	not applicable	not applicable	10cell	nanoPOTS proteomics	NT=Trypsin/P;CS=(?<=[KR])	nanoPOTs_Protoplasts_10cell_A12.raw	1	400.0 ppm	NT=Orbitrap Fusion Lumos;AC=MS:1002869	AC=MS:1002038;NT=label free sample	NT=Oxidation;MT=Variable;PP=Anywhere;TA=M;MM=15.99490	NT=Acetyl;MT=Variable;PP=Protein N-term;MM=42.01060	NT=nQnC:-17;MT=Variable;PP=Any N-term;TA=QC;MM=-17.02650	NT=nE:-18;MT=Variable;PP=Any N-term;TA=E;MM=-18.01060	NT=Carbamidomethyl;MT=Fixed;PP=Anywhere;TA=C;MM=57.02146	40.0 ppm	1	lesSDRF v0.1.0
nanoPOTs_Protoplasts_10cell_B12	Arabidopsis thaliana	leaf	seven weeks	1	not applicable	mesophyll	not applicable	not applicable	10cell	nanoPOTS proteomics	NT=Trypsin/P;CS=(?<=[KR])	nanoPOTs_Protoplasts_10cell_B12.raw	1	400.0 ppm	NT=Orbitrap Fusion Lumos;AC=MS:1002870	AC=MS:1002038;NT=label free sample	NT=Oxidation;MT=Variable;PP=Anywhere;TA=M;MM=15.99490	NT=Acetyl;MT=Variable;PP=Protein N-term;MM=42.01060	NT=nQnC:-17;MT=Variable;PP=Any N-term;TA=QC;MM=-17.02650	NT=nE:-18;MT=Variable;PP=Any N-term;TA=E;MM=-18.01060	NT=Carbamidomethyl;MT=Fixed;PP=Anywhere;TA=C;MM=57.02146	40.0 ppm	1	lesSDRF v0.1.0
nanoPOTs_Protoplasts_1cell_A3	Arabidopsis thaliana	leaf	seven weeks	1	not applicable	mesophyll	not applicable	not applicable	1cell	nanoPOTS proteomics	NT=Trypsin/P;CS=(?<=[KR])	nanoPOTs_Protoplasts_1cell_A3.raw	1	400.0 ppm	NT=Orbitrap Fusion Lumos;AC=MS:1002871	AC=MS:1002038;NT=label free sample	NT=Oxidation;MT=Variable;PP=Anywhere;TA=M;MM=15.99490	NT=Acetyl;MT=Variable;PP=Protein N-term;MM=42.01060	NT=nQnC:-17;MT=Variable;PP=Any N-term;TA=QC;MM=-17.02650	NT=nE:-18;MT=Variable;PP=Any N-term;TA=E;MM=-18.01060	NT=Carbamidomethyl;MT=Fixed;PP=Anywhere;TA=C;MM=57.02146	40.0 ppm	1	lesSDRF v0.1.0
nanoPOTs_Protoplasts_1cell_A4	Arabidopsis thaliana	leaf	seven weeks	1	not applicable	mesophyll	not applicable	not applicable	1cell	nanoPOTS proteomics	NT=Trypsin/P;CS=(?<=[KR])	nanoPOTs_Protoplasts_1cell_A4.raw	1	400.0 ppm	NT=Orbitrap Fusion Lumos;AC=MS:1002872	AC=MS:1002038;NT=label free sample	NT=Oxidation;MT=Variable;PP=Anywhere;TA=M;MM=15.99490	NT=Acetyl;MT=Variable;PP=Protein N-term;MM=42.01060	NT=nQnC:-17;MT=Variable;PP=Any N-term;TA=QC;MM=-17.02650	NT=nE:-18;MT=Variable;PP=Any N-term;TA=E;MM=-18.01060	NT=Carbamidomethyl;MT=Fixed;PP=Anywhere;TA=C;MM=57.02146	40.0 ppm	1	lesSDRF v0.1.0
nanoPOTs_Protoplasts_1cell_C3	Arabidopsis thaliana	leaf	seven weeks	1	not applicable	mesophyll	not applicable	not applicable	1cell	nanoPOTS proteomics	NT=Trypsin/P;CS=(?<=[KR])	nanoPOTs_Protoplasts_1cell_C3.raw	1	400.0 ppm	NT=Orbitrap Fusion Lumos;AC=MS:1002873	AC=MS:1002038;NT=label free sample	NT=Oxidation;MT=Variable;PP=Anywhere;TA=M;MM=15.99490	NT=Acetyl;MT=Variable;PP=Protein N-term;MM=42.01060	NT=nQnC:-17;MT=Variable;PP=Any N-term;TA=QC;MM=-17.02650	NT=nE:-18;MT=Variable;PP=Any N-term;TA=E;MM=-18.01060	NT=Carbamidomethyl;MT=Fixed;PP=Anywhere;TA=C;MM=57.02146	40.0 ppm	1	lesSDRF v0.1.0
nanoPOTs_Protoplasts_1cell_C4	Arabidopsis thaliana	leaf	seven weeks	1	not applicable	mesophyll	not applicable	not applicable	1cell	nanoPOTS proteomics	NT=Trypsin/P;CS=(?<=[KR])	nanoPOTs_Protoplasts_1cell_C4.raw	1	400.0 ppm	NT=Orbitrap Fusion Lumos;AC=MS:1002874	AC=MS:1002038;NT=label free sample	NT=Oxidation;MT=Variable;PP=Anywhere;TA=M;MM=15.99490	NT=Acetyl;MT=Variable;PP=Protein N-term;MM=42.01060	NT=nQnC:-17;MT=Variable;PP=Any N-term;TA=QC;MM=-17.02650	NT=nE:-18;MT=Variable;PP=Any N-term;TA=E;MM=-18.01060	NT=Carbamidomethyl;MT=Fixed;PP=Anywhere;TA=C;MM=57.02146	40.0 ppm	1	lesSDRF v0.1.0
nanoPOTs_Protoplasts_1cell_D3	Arabidopsis thaliana	leaf	seven weeks	1	not applicable	mesophyll	not applicable	not applicable	1cell	nanoPOTS proteomics	NT=Trypsin/P;CS=(?<=[KR])	nanoPOTs_Protoplasts_1cell_D3.raw	1	400.0 ppm	NT=Orbitrap Fusion Lumos;AC=MS:1002875	AC=MS:1002038;NT=label free sample	NT=Oxidation;MT=Variable;PP=Anywhere;TA=M;MM=15.99490	NT=Acetyl;MT=Variable;PP=Protein N-term;MM=42.01060	NT=nQnC:-17;MT=Variable;PP=Any N-term;TA=QC;MM=-17.02650	NT=nE:-18;MT=Variable;PP=Any N-term;TA=E;MM=-18.01060	NT=Carbamidomethyl;MT=Fixed;PP=Anywhere;TA=C;MM=57.02146	40.0 ppm	1	lesSDRF v0.1.0
nanoPOTs_Protoplasts_1cell_D4	Arabidopsis thaliana	leaf	seven weeks	1	not applicable	mesophyll	not applicable	not applicable	1cell	nanoPOTS proteomics	NT=Trypsin/P;CS=(?<=[KR])	nanoPOTs_Protoplasts_1cell_D4.raw	1	400.0 ppm	NT=Orbitrap Fusion Lumos;AC=MS:1002876	AC=MS:1002038;NT=label free sample	NT=Oxidation;MT=Variable;PP=Anywhere;TA=M;MM=15.99490	NT=Acetyl;MT=Variable;PP=Protein N-term;MM=42.01060	NT=nQnC:-17;MT=Variable;PP=Any N-term;TA=QC;MM=-17.02650	NT=nE:-18;MT=Variable;PP=Any N-term;TA=E;MM=-18.01060	NT=Carbamidomethyl;MT=Fixed;PP=Anywhere;TA=C;MM=57.02146	40.0 ppm	1	lesSDRF v0.1.0
nanoPOTs_Protoplasts_1cell_D5	Arabidopsis thaliana	leaf	seven weeks	1	not applicable	mesophyll	not applicable	not applicable	1cell	nanoPOTS proteomics	NT=Trypsin/P;CS=(?<=[KR])	nanoPOTs_Protoplasts_1cell_D5.raw	1	400.0 ppm	NT=Orbitrap Fusion Lumos;AC=MS:1002877	AC=MS:1002038;NT=label free sample	NT=Oxidation;MT=Variable;PP=Anywhere;TA=M;MM=15.99490	NT=Acetyl;MT=Variable;PP=Protein N-term;MM=42.01060	NT=nQnC:-17;MT=Variable;PP=Any N-term;TA=QC;MM=-17.02650	NT=nE:-18;MT=Variable;PP=Any N-term;TA=E;MM=-18.01060	NT=Carbamidomethyl;MT=Fixed;PP=Anywhere;TA=C;MM=57.02146	40.0 ppm	1	lesSDRF v0.1.0
nanoPOTs_Protoplasts_1cell_D6	Arabidopsis thaliana	leaf	seven weeks	1	not applicable	mesophyll	not applicable	not applicable	1cell	nanoPOTS proteomics	NT=Trypsin/P;CS=(?<=[KR])	nanoPOTs_Protoplasts_1cell_D6.raw	1	400.0 ppm	NT=Orbitrap Fusion Lumos;AC=MS:1002878	AC=MS:1002038;NT=label free sample	NT=Oxidation;MT=Variable;PP=Anywhere;TA=M;MM=15.99490	NT=Acetyl;MT=Variable;PP=Protein N-term;MM=42.01060	NT=nQnC:-17;MT=Variable;PP=Any N-term;TA=QC;MM=-17.02650	NT=nE:-18;MT=Variable;PP=Any N-term;TA=E;MM=-18.01060	NT=Carbamidomethyl;MT=Fixed;PP=Anywhere;TA=C;MM=57.02146	40.0 ppm	1	lesSDRF v0.1.0
nanoPOTs_Protoplasts_3cell_A7	Arabidopsis thaliana	leaf	seven weeks	1	not applicable	mesophyll	not applicable	not applicable	3cell	nanoPOTS proteomics	NT=Trypsin/P;CS=(?<=[KR])	nanoPOTs_Protoplasts_3cell_A7.raw	1	400.0 ppm	NT=Orbitrap Fusion Lumos;AC=MS:1002879	AC=MS:1002038;NT=label free sample	NT=Oxidation;MT=Variable;PP=Anywhere;TA=M;MM=15.99490	NT=Acetyl;MT=Variable;PP=Protein N-term;MM=42.01060	NT=nQnC:-17;MT=Variable;PP=Any N-term;TA=QC;MM=-17.02650	NT=nE:-18;MT=Variable;PP=Any N-term;TA=E;MM=-18.01060	NT=Carbamidomethyl;MT=Fixed;PP=Anywhere;TA=C;MM=57.02146	40.0 ppm	1	lesSDRF v0.1.0
nanoPOTs_Protoplasts_3cell_A8	Arabidopsis thaliana	leaf	seven weeks	1	not applicable	mesophyll	not applicable	not applicable	3cell	nanoPOTS proteomics	NT=Trypsin/P;CS=(?<=[KR])	nanoPOTs_Protoplasts_3cell_A8.raw	1	400.0 ppm	NT=Orbitrap Fusion Lumos;AC=MS:1002880	AC=MS:1002038;NT=label free sample	NT=Oxidation;MT=Variable;PP=Anywhere;TA=M;MM=15.99490	NT=Acetyl;MT=Variable;PP=Protein N-term;MM=42.01060	NT=nQnC:-17;MT=Variable;PP=Any N-term;TA=QC;MM=-17.02650	NT=nE:-18;MT=Variable;PP=Any N-term;TA=E;MM=-18.01060	NT=Carbamidomethyl;MT=Fixed;PP=Anywhere;TA=C;MM=57.02146	40.0 ppm	1	lesSDRF v0.1.0
nanoPOTs_Protoplasts_3cell_A9	Arabidopsis thaliana	leaf	seven weeks	1	not applicable	mesophyll	not applicable	not applicable	3cell	nanoPOTS proteomics	NT=Trypsin/P;CS=(?<=[KR])	nanoPOTs_Protoplasts_3cell_A9.raw	1	400.0 ppm	NT=Orbitrap Fusion Lumos;AC=MS:1002881	AC=MS:1002038;NT=label free sample	NT=Oxidation;MT=Variable;PP=Anywhere;TA=M;MM=15.99490	NT=Acetyl;MT=Variable;PP=Protein N-term;MM=42.01060	NT=nQnC:-17;MT=Variable;PP=Any N-term;TA=QC;MM=-17.02650	NT=nE:-18;MT=Variable;PP=Any N-term;TA=E;MM=-18.01060	NT=Carbamidomethyl;MT=Fixed;PP=Anywhere;TA=C;MM=57.02146	40.0 ppm	1	lesSDRF v0.1.0
nanoPOTs_Protoplasts_3cell_D7	Arabidopsis thaliana	leaf	seven weeks	1	not applicable	mesophyll	not applicable	not applicable	3cell	nanoPOTS proteomics	NT=Trypsin/P;CS=(?<=[KR])	nanoPOTs_Protoplasts_3cell_D7.raw	1	400.0 ppm	NT=Orbitrap Fusion Lumos;AC=MS:1002882	AC=MS:1002038;NT=label free sample	NT=Oxidation;MT=Variable;PP=Anywhere;TA=M;MM=15.99490	NT=Acetyl;MT=Variable;PP=Protein N-term;MM=42.01060	NT=nQnC:-17;MT=Variable;PP=Any N-term;TA=QC;MM=-17.02650	NT=nE:-18;MT=Variable;PP=Any N-term;TA=E;MM=-18.01060	NT=Carbamidomethyl;MT=Fixed;PP=Anywhere;TA=C;MM=57.02146	40.0 ppm	1	lesSDRF v0.1.0
nanoPOTs_Protoplasts_Library_CV1_R1_C2	Arabidopsis thaliana	leaf	seven weeks	1	not applicable	mesophyll	not applicable	not applicable	Library	nanoPOTS proteomics	NT=Trypsin/P;CS=(?<=[KR])	nanoPOTs_Protoplasts_Library_CV1_R1_C2.raw	1	400.0 ppm	NT=Orbitrap Fusion Lumos;AC=MS:1002883	AC=MS:1002038;NT=label free sample	NT=Oxidation;MT=Variable;PP=Anywhere;TA=M;MM=15.99490	NT=Acetyl;MT=Variable;PP=Protein N-term;MM=42.01060	NT=nQnC:-17;MT=Variable;PP=Any N-term;TA=QC;MM=-17.02650	NT=nE:-18;MT=Variable;PP=Any N-term;TA=E;MM=-18.01060	NT=Carbamidomethyl;MT=Fixed;PP=Anywhere;TA=C;MM=57.02146	40.0 ppm	4	lesSDRF v0.1.0
nanoPOTs_Protoplasts_Library_CV1_R2_C3	Arabidopsis thaliana	leaf	seven weeks	1	not applicable	mesophyll	not applicable	not applicable	Library	nanoPOTS proteomics	NT=Trypsin/P;CS=(?<=[KR])	nanoPOTs_Protoplasts_Library_CV1_R2_C3.raw	1	400.0 ppm	NT=Orbitrap Fusion Lumos;AC=MS:1002884	AC=MS:1002038;NT=label free sample	NT=Oxidation;MT=Variable;PP=Anywhere;TA=M;MM=15.99490	NT=Acetyl;MT=Variable;PP=Protein N-term;MM=42.01060	NT=nQnC:-17;MT=Variable;PP=Any N-term;TA=QC;MM=-17.02650	NT=nE:-18;MT=Variable;PP=Any N-term;TA=E;MM=-18.01060	NT=Carbamidomethyl;MT=Fixed;PP=Anywhere;TA=C;MM=57.02146	40.0 ppm	5	lesSDRF v0.1.0
nanoPOTs_Protoplasts_Library_CV2_R1_C4	Arabidopsis thaliana	leaf	seven weeks	1	not applicable	mesophyll	not applicable	not applicable	Library	nanoPOTS proteomics	NT=Trypsin/P;CS=(?<=[KR])	nanoPOTs_Protoplasts_Library_CV2_R1_C4.raw	1	400.0 ppm	NT=Orbitrap Fusion Lumos;AC=MS:1002885	AC=MS:1002038;NT=label free sample	NT=Oxidation;MT=Variable;PP=Anywhere;TA=M;MM=15.99490	NT=Acetyl;MT=Variable;PP=Protein N-term;MM=42.01060	NT=nQnC:-17;MT=Variable;PP=Any N-term;TA=QC;MM=-17.02650	NT=nE:-18;MT=Variable;PP=Any N-term;TA=E;MM=-18.01060	NT=Carbamidomethyl;MT=Fixed;PP=Anywhere;TA=C;MM=57.02146	40.0 ppm	6	lesSDRF v0.1.0
nanoPOTs_Protoplasts_Library_CV2_R2_C5	Arabidopsis thaliana	leaf	seven weeks	1	not applicable	mesophyll	not applicable	not applicable	Library	nanoPOTS proteomics	NT=Trypsin/P;CS=(?<=[KR])	nanoPOTs_Protoplasts_Library_CV2_R2_C5.raw	1	400.0 ppm	NT=Orbitrap Fusion Lumos;AC=MS:1002886	AC=MS:1002038;NT=label free sample	NT=Oxidation;MT=Variable;PP=Anywhere;TA=M;MM=15.99490	NT=Acetyl;MT=Variable;PP=Protein N-term;MM=42.01060	NT=nQnC:-17;MT=Variable;PP=Any N-term;TA=QC;MM=-17.02650	NT=nE:-18;MT=Variable;PP=Any N-term;TA=E;MM=-18.01060	NT=Carbamidomethyl;MT=Fixed;PP=Anywhere;TA=C;MM=57.02146	40.0 ppm	7	lesSDRF v0.1.0
nanoPOTs_Protoplasts_Library_CV3_R1_C6	Arabidopsis thaliana	leaf	seven weeks	1	not applicable	mesophyll	not applicable	not applicable	Library	nanoPOTS proteomics	NT=Trypsin/P;CS=(?<=[KR])	nanoPOTs_Protoplasts_Library_CV3_R1_C6.raw	1	400.0 ppm	NT=Orbitrap Fusion Lumos;AC=MS:1002887	AC=MS:1002038;NT=label free sample	NT=Oxidation;MT=Variable;PP=Anywhere;TA=M;MM=15.99490	NT=Acetyl;MT=Variable;PP=Protein N-term;MM=42.01060	NT=nQnC:-17;MT=Variable;PP=Any N-term;TA=QC;MM=-17.02650	NT=nE:-18;MT=Variable;PP=Any N-term;TA=E;MM=-18.01060	NT=Carbamidomethyl;MT=Fixed;PP=Anywhere;TA=C;MM=57.02146	40.0 ppm	8	lesSDRF v0.1.0
nanoPOTs_Protoplasts_Library_CV3_R2_C7	Arabidopsis thaliana	leaf	seven weeks	1	not applicable	mesophyll	not applicable	not applicable	Library	nanoPOTS proteomics	NT=Trypsin/P;CS=(?<=[KR])	nanoPOTs_Protoplasts_Library_CV3_R2_C7.raw	1	400.0 ppm	NT=Orbitrap Fusion Lumos;AC=MS:1002888	AC=MS:1002038;NT=label free sample	NT=Oxidation;MT=Variable;PP=Anywhere;TA=M;MM=15.99490	NT=Acetyl;MT=Variable;PP=Protein N-term;MM=42.01060	NT=nQnC:-17;MT=Variable;PP=Any N-term;TA=QC;MM=-17.02650	NT=nE:-18;MT=Variable;PP=Any N-term;TA=E;MM=-18.01060	NT=Carbamidomethyl;MT=Fixed;PP=Anywhere;TA=C;MM=57.02146	40.0 ppm	9	lesSDRF v0.1.0
